"","country","topic","sum","prop"
"1","Argentina","air quality",5.16472675386258,0.00305786071868714
"2","Bahamas","air quality",0.000106643915964594,0.000106643915964594
"3","Belize","air quality",0.200427425241556,0.00274558116769255
"4","Bolivia","air quality",1.05802612787981,0.00446424526531564
"5","Brazil","air quality",28.7757500750118,0.00511932931418107
"6","Chile","air quality",6.08079825976527,0.00570431356450776
"7","Colombia","air quality",1.35312819949182,0.00367697880296691
"8","Costa.Rica","air quality",1.38445875441771,0.00756534838479623
"9","Cuba","air quality",0.00803172493384518,0.00200793123346129
"10","Ecuador","air quality",0.792089246728183,0.00290142581219115
"11","El.Salvador","air quality",0.00402039697951906,0.000502549622439883
"12","Guatemala","air quality",0.0181783450128432,0.00121188966752288
"13","Honduras","air quality",0.000698469822721211,0.000232823274240404
"14","Jamaica","air quality",0.000389559797428905,0.000389559797428905
"15","Mexico","air quality",11.730219173802,0.00513582275560507
"16","Nicaragua","air quality",0.000855431993156544,0.000855431993156544
"17","Panama","air quality",0.191041180284253,0.00172109171427255
"18","Paraguay","air quality",0.0265301434132488,0.000803943739795417
"19","Peru","air quality",1.01247856555976,0.00285205229735143
"20","Uruguay","air quality",0.529221670890278,0.0036001474210223
"21","Venezuela","air quality",2.14710558438329,0.0150147243663167
"22","Argentina","seasonal variability",8.06633281225007,0.00477580391489051
"23","Bahamas","seasonal variability",0.00266609789911486,0.00266609789911486
"24","Belize","seasonal variability",0.561423087634232,0.00769072722786619
"25","Bolivia","seasonal variability",3.11713346954626,0.0131524618968197
"26","Brazil","seasonal variability",52.0042022317804,0.00925177054470387
"27","Chile","seasonal variability",4.16374637079374,0.00390595344352133
"28","Colombia","seasonal variability",3.00679757239989,0.00817064557717361
"29","Costa.Rica","seasonal variability",2.86391517259642,0.0156498096863193
"30","Cuba","seasonal variability",0.0324689480866044,0.0081172370216511
"31","Ecuador","seasonal variability",2.06797020410157,0.00757498243260649
"32","El.Salvador","seasonal variability",0.183213357033028,0.0229016696291285
"33","Guatemala","seasonal variability",0.107317674546508,0.00715451163643388
"34","Honduras","seasonal variability",0.0185611548371728,0.00618705161239092
"35","Jamaica","seasonal variability",0.000389559797428905,0.000389559797428905
"36","Mexico","seasonal variability",17.4520702640135,0.00764101149913025
"37","Nicaragua","seasonal variability",0.000855431993156544,0.000855431993156544
"38","Panama","seasonal variability",3.48034165109946,0.0313544292891843
"39","Paraguay","seasonal variability",0.296757312853437,0.00899264584404354
"40","Peru","seasonal variability",2.3786745041765,0.00670049156106057
"41","Uruguay","seasonal variability",0.509874606486818,0.00346853473800557
"42","Venezuela","seasonal variability",2.20643788273811,0.0154296355436231
"43","Argentina","plants",35.7788738656697,0.0211834658766546
"44","Bahamas","plants",0.00426575663858377,0.00426575663858377
"45","Belize","plants",0.908074818816235,0.0124393810796745
"46","Bolivia","plants",1.77773044123203,0.00750097232587354
"47","Brazil","plants",91.1917572751726,0.0162234046033041
"48","Chile","plants",20.6358210336094,0.0193581810821852
"49","Colombia","plants",6.16103517090135,0.0167419433991885
"50","Costa.Rica","plants",4.26388764498349,0.0232999324862486
"51","Cuba","plants",0.00959108739432226,0.00239777184858056
"52","Ecuador","plants",3.05366375090171,0.0111855815051345
"53","El.Salvador","plants",0.05736773000842,0.0071709662510525
"54","Guatemala","plants",0.0736082179010924,0.0049072145267395
"55","Honduras","plants",0.309611723249313,0.103203907749771
"56","Jamaica","plants",0.000779119594857811,0.000779119594857811
"57","Mexico","plants",36.9458624587935,0.0161759467858115
"58","Nicaragua","plants",0.00171086398631309,0.00171086398631309
"59","Panama","plants",6.63368406570425,0.0597629195108491
"60","Paraguay","plants",0.068003374455249,0.00206070831682573
"61","Peru","plants",2.54263598934857,0.00716235489957344
"62","Uruguay","plants",1.40927433353216,0.00958690022810994
"63","Venezuela","plants",5.03616089731027,0.0352179083727991
"64","Argentina","fauna",34.4850973402416,0.0204174643814337
"65","Bahamas","fauna",0.00287938573104404,0.00287938573104404
"66","Belize","fauna",2.94563011571245,0.040351097475513
"67","Bolivia","fauna",3.53785780221007,0.0149276700515193
"68","Brazil","fauna",107.424874094936,0.01911134568492
"69","Chile","fauna",13.0218231836727,0.0122155939809312
"70","Colombia","fauna",13.7428769498456,0.0373447743202326
"71","Costa.Rica","fauna",3.56788020188928,0.019496613125078
"72","Cuba","fauna",0.0117633107772542,0.00294082769431356
"73","Ecuador","fauna",3.10843373672999,0.0113862041638461
"74","El.Salvador","fauna",0.0198206687877319,0.00247758359846649
"75","Guatemala","fauna",0.60828703132768,0.0405524687551787
"76","Honduras","fauna",0.0107534677382661,0.00358448924608872
"77","Jamaica","fauna",0.00376574470847942,0.00376574470847942
"78","Mexico","fauna",34.5879147528677,0.0151435703821662
"79","Nicaragua","fauna",0.00598802395209581,0.00598802395209581
"80","Panama","fauna",2.04068615821089,0.0183845599838819
"81","Paraguay","fauna",0.146774182654529,0.0044477025046827
"82","Peru","fauna",6.64145922463642,0.0187083358440463
"83","Uruguay","fauna",4.8293945809717,0.0328530243603517
"84","Venezuela","fauna",2.30215408043531,0.0160989795834637
"85","Argentina","chemistry",94.2953159820125,0.0558290799183023
"86","Bahamas","chemistry",0.096192812200064,0.096192812200064
"87","Belize","chemistry",3.30655658232994,0.0452952956483553
"88","Bolivia","chemistry",7.33738917392792,0.0309594479912571
"89","Brazil","chemistry",278.563686438012,0.0495576741572695
"90","Chile","chemistry",46.1415939626196,0.0432847973382923
"91","Colombia","chemistry",15.6817681042086,0.0426135002831754
"92","Costa.Rica","chemistry",6.19691835213907,0.0338629418149676
"93","Cuba","chemistry",0.225239972217884,0.056309993054471
"94","Ecuador","chemistry",8.01939685094004,0.0293750800400734
"95","El.Salvador","chemistry",0.423353861926426,0.0529192327408032
"96","Guatemala","chemistry",0.532816856312793,0.0355211237541862
"97","Honduras","chemistry",0.0190377607764573,0.00634592025881911
"98","Jamaica","chemistry",0.00389559797428905,0.00389559797428905
"99","Mexico","chemistry",106.569496857442,0.0466591492370586
"100","Nicaragua","chemistry",0.0153977758768178,0.0153977758768178
"101","Panama","chemistry",3.57206959693884,0.0321808071796292
"102","Paraguay","chemistry",1.66743641604046,0.0505283762436502
"103","Peru","chemistry",14.6148939456903,0.0411687153399726
"104","Uruguay","chemistry",5.10579114970821,0.0347332731272667
"105","Venezuela","chemistry",12.0228293168863,0.0840757294887154
"106","Argentina","fish",17.9422805629595,0.0106230198714976
"107","Bahamas","fish",0.00159965873946891,0.00159965873946891
"108","Belize","fish",0.840052952147759,0.0115075746869556
"109","Bolivia","fish",1.20142371758338,0.00506929838642777
"110","Brazil","fish",79.6260494840723,0.0141658155993724
"111","Chile","fish",10.5214772414058,0.00987005369737878
"112","Colombia","fish",3.65461301997241,0.00993101364122938
"113","Costa.Rica","fish",1.1897931321613,0.00650160181508905
"114","Cuba","fish",0.0208549853122357,0.00521374632805893
"115","Ecuador","fish",1.09829136690507,0.00402304530001857
"116","El.Salvador","fish",0.00302801089649744,0.000378501362062179
"117","Guatemala","fish",0.00663513886091646,0.000442342590727764
"118","Honduras","fish",0.00434780630790576,0.00144926876930192
"119","Jamaica","fish",0.00454486430333723,0.00454486430333723
"120","Mexico","fish",20.2155080873718,0.00885092298046049
"121","Nicaragua","fish",0.0521813515825492,0.0521813515825492
"122","Panama","fish",0.239039963143715,0.00215351318147491
"123","Paraguay","fish",0.182712770033237,0.0055367506070678
"124","Peru","fish",1.7491929731366,0.00492730414968057
"125","Uruguay","fish",3.58968494061997,0.0244196254463944
"126","Venezuela","fish",1.91728533420059,0.0134075897496544
"127","Argentina","biology",27.13542360917,0.0160659701652871
"128","Bahamas","biology",0.0137570651594327,0.0137570651594327
"129","Belize","biology",1.15867956667138,0.0158723228311148
"130","Bolivia","biology",0.631824479867046,0.00266592607538838
"131","Brazil","biology",54.1409605470395,0.00963190901032547
"132","Chile","biology",16.2572196300767,0.0152506750751189
"133","Colombia","biology",2.0378637784005,0.00553767331087093
"134","Costa.Rica","biology",1.63362598732283,0.00892691796351274
"135","Cuba","biology",0.00880485621035467,0.00220121405258867
"136","Ecuador","biology",0.763667019015872,0.00279731508797023
"137","El.Salvador","biology",0.00495561178337664,0.00061945147292208
"138","Guatemala","biology",0.0250871570903929,0.00167247713935953
"139","Honduras","biology",0.00180660538463829,0.000602201794879429
"140","Jamaica","biology",0.000129853265809635,0.000129853265809635
"141","Mexico","biology",17.6721379770883,0.00773736338751678
"142","Nicaragua","biology",0.00256629597946963,0.00256629597946963
"143","Panama","biology",0.153875950200766,0.00138626982162853
"144","Paraguay","biology",0.243652175965643,0.00738339927168615
"145","Peru","biology",2.73487820342444,0.00770388226316742
"146","Uruguay","biology",2.29200136148634,0.0155918459965057
"147","Venezuela","biology",0.589498106305873,0.00412236437976135
"148","Argentina","microbiology",68.8069858772963,0.0407382983287722
"149","Bahamas","microbiology",0.407166471152821,0.407166471152821
"150","Belize","microbiology",2.76327141015385,0.0378530330158062
"151","Bolivia","microbiology",3.65726817541321,0.0154315112886633
"152","Brazil","microbiology",209.889181102825,0.0373401852166563
"153","Chile","microbiology",27.2986095932536,0.0256084517760353
"154","Colombia","microbiology",11.1335904947457,0.0302543219965917
"155","Costa.Rica","microbiology",3.21394075763635,0.0175625178012915
"156","Cuba","microbiology",0.39591176421701,0.0989779410542526
"157","Ecuador","microbiology",3.29189750664241,0.0120582326250638
"158","El.Salvador","microbiology",0.0647924855751343,0.00809906069689179
"159","Guatemala","microbiology",0.362189363257338,0.0241459575504892
"160","Honduras","microbiology",0.00392768640115312,0.00130922880038437
"161","Jamaica","microbiology",0.00311647837943124,0.00311647837943124
"162","Mexico","microbiology",72.6075201091877,0.0317896322719736
"163","Nicaragua","microbiology",0.0102651839178785,0.0102651839178785
"164","Panama","microbiology",2.42691293652264,0.021864080509213
"165","Paraguay","microbiology",0.273831235181043,0.00829791621760737
"166","Peru","microbiology",7.50313630532358,0.0211355952262636
"167","Uruguay","microbiology",7.19400072204368,0.0489387804220659
"168","Venezuela","microbiology",5.14070225199668,0.0359489667971796
"169","Argentina","geology",62.1295270618317,0.0367847999181952
"170","Bahamas","geology",0.144395862216061,0.144395862216061
"171","Belize","geology",1.55685507277036,0.021326781818772
"172","Bolivia","geology",9.97831112283508,0.0421025785773632
"173","Brazil","geology",133.535574252397,0.0237565511923852
"174","Chile","geology",41.0037330056616,0.0384650403430221
"175","Colombia","geology",11.6771440770806,0.0317313697746754
"176","Costa.Rica","geology",6.18401553971648,0.0337924346432594
"177","Cuba","geology",0.0333355843123482,0.00833389607808704
"178","Ecuador","geology",8.79213538629743,0.0322056241256316
"179","El.Salvador","geology",1.85735089586487,0.232168861983109
"180","Guatemala","geology",1.31776541060935,0.087851027373957
"181","Honduras","geology",0.00834408352694554,0.00278136117564851
"182","Jamaica","geology",0.00311647837943124,0.00311647837943124
"183","Mexico","geology",113.724353247598,0.049791748357092
"184","Nicaragua","geology",0.00513259195893926,0.00513259195893926
"185","Panama","geology",2.4753958017394,0.0223008630787334
"186","Paraguay","geology",0.983529782739929,0.0298039328103009
"187","Peru","geology",11.6507714846736,0.0328190746047143
"188","Uruguay","geology",4.10878245350624,0.0279509010442602
"189","Venezuela","geology",4.79557438637592,0.033535485219412
"190","Argentina","methods",367.808374152441,0.217766947396354
"191","Bahamas","methods",0.101738295830223,0.101738295830223
"192","Belize","methods",13.6248008091745,0.186641106974993
"193","Bolivia","methods",44.547121751577,0.18796253903619
"194","Brazil","methods",1202.35560936667,0.213904217997984
"195","Chile","methods",248.21360603683,0.2328457842747
"196","Colombia","methods",76.645058258372,0.208274614832533
"197","Costa.Rica","methods",39.5983128721315,0.216384223344981
"198","Cuba","methods",1.41751727273248,0.354379318183121
"199","Ecuador","methods",58.9540729459616,0.215948985150042
"200","El.Salvador","methods",2.145073227581,0.268134153447625
"201","Guatemala","methods",3.86975781573235,0.257983854382157
"202","Honduras","methods",0.88364259660124,0.294547532200413
"203","Jamaica","methods",0.333722893130762,0.333722893130762
"204","Mexico","methods",476.732796367564,0.208727143768636
"205","Nicaragua","methods",0.391787852865697,0.391787852865697
"206","Panama","methods",24.7426766324257,0.22290699668852
"207","Paraguay","methods",7.12690313822792,0.215966761764482
"208","Peru","methods",80.5520563452109,0.226907200972425
"209","Uruguay","methods",32.7320141770526,0.222666763109201
"210","Venezuela","methods",27.0810430624497,0.189377923513635
"211","Argentina","watershed",17.8369614950542,0.01056066399944
"212","Bahamas","watershed",0.00106643915964594,0.00106643915964594
"213","Belize","watershed",0.808893258731707,0.0110807295716672
"214","Bolivia","watershed",2.88696323976884,0.0121812794926955
"215","Brazil","watershed",92.3509504714101,0.0164296300429479
"216","Chile","watershed",18.3924946959914,0.0172537473695979
"217","Colombia","watershed",5.78308969703605,0.0157149176549893
"218","Costa.Rica","watershed",6.01388076670452,0.0328627364300794
"219","Cuba","watershed",0.0305837076938351,0.00764592692345878
"220","Ecuador","watershed",11.8795801542146,0.0435149456198336
"221","El.Salvador","watershed",0.321412212633043,0.0401765265791303
"222","Guatemala","watershed",0.246057222552348,0.0164038148368232
"223","Honduras","watershed",0.0533079634706747,0.0177693211568916
"224","Jamaica","watershed",0.00025970653161927,0.00025970653161927
"225","Mexico","watershed",30.3745836883857,0.0132988545045472
"226","Nicaragua","watershed",0.00855431993156544,0.00855431993156544
"227","Panama","watershed",5.76095060432355,0.0519004558948068
"228","Paraguay","watershed",0.379944242894323,0.0115134619058886
"229","Peru","watershed",6.3736210971085,0.0179538622453761
"230","Uruguay","watershed",2.55881482338257,0.0174069035604257
"231","Venezuela","watershed",1.64319559981433,0.0114908783203799
"232","Argentina","water resources management",69.6163782551178,0.041217512288406
"233","Bahamas","water resources management",0.00575877146208809,0.00575877146208809
"234","Belize","water resources management",3.02276252125236,0.0414077057705802
"235","Bolivia","water resources management",18.116270423795,0.0764399595940718
"236","Brazil","water resources management",323.040926265689,0.0574703658184823
"237","Chile","water resources management",64.2581565583995,0.0602796965838644
"238","Colombia","water resources management",29.1131244555,0.0791117512377718
"239","Costa.Rica","water resources management",10.5412117760394,0.057602250142292
"240","Cuba","water resources management",0.178737420709072,0.044684355177268
"241","Ecuador","water resources management",19.6793772027111,0.0720856307791614
"242","El.Salvador","water resources management",0.281890044536705,0.0352362555670881
"243","Guatemala","water resources management",0.659182851604085,0.0439455234402723
"244","Honduras","water resources management",0.0314654390417111,0.0104884796805704
"245","Jamaica","water resources management",0.0389559797428905,0.0389559797428905
"246","Mexico","water resources management",146.308679512562,0.064058090854887
"247","Nicaragua","water resources management",0.018819503849444,0.018819503849444
"248","Panama","water resources management",3.28183684279594,0.0295660976828463
"249","Paraguay","water resources management",2.83311841623783,0.0858520732193283
"250","Peru","water resources management",24.3465127377326,0.068581726021782
"251","Uruguay","water resources management",5.98251970615164,0.0406974129670179
"252","Venezuela","water resources management",6.12068985608801,0.0428020269656504
"253","Argentina","oceans",18.9143748548861,0.0111985641532777
"254","Bahamas","oceans",0.000319931747893783,0.000319931747893783
"255","Belize","oceans",0.769733211399276,0.0105442905671134
"256","Bolivia","oceans",4.37100455823367,0.018443057207737
"257","Brazil","oceans",53.3138892768325,0.0094847694852931
"258","Chile","oceans",19.8009491196825,0.0185749991741862
"259","Colombia","oceans",4.78152411569265,0.0129932720535126
"260","Costa.Rica","oceans",2.47157141353493,0.0135058547187701
"261","Cuba","oceans",0.0168936867556145,0.00422342168890362
"262","Ecuador","oceans",3.80611775229885,0.013941823268494
"263","El.Salvador","oceans",0.0426269456475537,0.00532836820594421
"264","Guatemala","oceans",0.298653688699654,0.0199102459133103
"265","Honduras","oceans",0.0350248023917636,0.0116749341305879
"266","Jamaica","oceans",0.0164913647578237,0.0164913647578237
"267","Mexico","oceans",24.394175216393,0.0106804620036747
"268","Nicaragua","oceans",0.000855431993156544,0.000855431993156544
"269","Panama","oceans",3.10470470153253,0.0279703126264192
"270","Paraguay","oceans",0.322019898806514,0.00975817875171255
"271","Peru","oceans",12.9060602424019,0.0363550992743716
"272","Uruguay","oceans",2.8010318232322,0.0190546382532802
"273","Venezuela","oceans",1.25138390126239,0.00875093637246424
"274","Argentina","agriculture",49.0531471817405,0.0290427159157729
"275","Bahamas","agriculture",0.00287938573104404,0.00287938573104404
"276","Belize","agriculture",0.740381639356633,0.0101422142377621
"277","Bolivia","agriculture",5.59571190194213,0.0236105987423719
"278","Brazil","agriculture",163.911531866904,0.0291605642887217
"279","Chile","agriculture",17.8813098116456,0.0167742118308121
"280","Colombia","agriculture",8.87181926593503,0.0241082045269974
"281","Costa.Rica","agriculture",4.97043416788823,0.0271608424474766
"282","Cuba","agriculture",0.0153978583381239,0.00384946458453097
"283","Ecuador","agriculture",3.7020099975204,0.0135604761813934
"284","El.Salvador","agriculture",0.233240585797386,0.0291550732246733
"285","Guatemala","agriculture",0.12172728556943,0.0081151523712953
"286","Honduras","agriculture",0.0995228759096452,0.0331742919698817
"287","Jamaica","agriculture",0.000389559797428905,0.000389559797428905
"288","Mexico","agriculture",35.0198907542709,0.015332701731292
"289","Nicaragua","agriculture",0.00427715996578272,0.00427715996578272
"290","Panama","agriculture",0.463553165558553,0.00417615464467165
"291","Paraguay","agriculture",0.336649532973092,0.0102015009991846
"292","Peru","agriculture",3.66212558523954,0.0103158467189846
"293","Uruguay","agriculture",3.49268841745999,0.0237597851527891
"294","Venezuela","agriculture",2.35913177291887,0.0164974249854466
"295","Argentina","groundwater",59.8116155651337,0.0354124426081313
"296","Bahamas","groundwater",0.00170630265543351,0.00170630265543351
"297","Belize","groundwater",1.17520456769918,0.016098692708208
"298","Bolivia","groundwater",5.21335519368205,0.0219972792982365
"299","Brazil","groundwater",122.06377957377,0.0217156697338142
"300","Chile","groundwater",32.7808907579227,0.0307513046509594
"301","Colombia","groundwater",5.1972007630614,0.0141228281604929
"302","Costa.Rica","groundwater",8.22446543742431,0.0449424340842858
"303","Cuba","groundwater",0.0127786286455594,0.00319465716138984
"304","Ecuador","groundwater",5.18060936202943,0.0189765910697049
"305","El.Salvador","groundwater",0.253463076279298,0.0316828845349123
"306","Guatemala","groundwater",0.429396234477051,0.0286264156318034
"307","Honduras","groundwater",0.00704173227823363,0.00234724409274454
"308","Jamaica","groundwater",0.00051941306323854,0.00051941306323854
"309","Mexico","groundwater",112.019917910897,0.0490454982096745
"310","Nicaragua","groundwater",0.00342172797262618,0.00342172797262618
"311","Panama","groundwater",2.00672165759871,0.0180785734918802
"312","Paraguay","groundwater",1.14570850737458,0.0347184396174115
"313","Peru","groundwater",8.72659599761495,0.0245819605566618
"314","Uruguay","groundwater",3.54821507727292,0.0241375175324689
"315","Venezuela","groundwater",1.624779657009,0.0113620955035594
"316","Argentina","water quality",56.6969247915934,0.0335683391306059
"317","Bahamas","water quality",0.00138637090753972,0.00138637090753973
"318","Belize","water quality",1.53517972639212,0.0210298592656455
"319","Bolivia","water quality",4.51606401431598,0.0190551224232742
"320","Brazil","water quality",164.02200115499,0.0291802172487085
"321","Chile","water quality",23.1553714121275,0.0217217367843597
"322","Colombia","water quality",10.204901902498,0.0277307116915706
"323","Costa.Rica","water quality",3.56431251281703,0.0194771175563772
"324","Cuba","water quality",0.0786376773143355,0.0196594193285839
"325","Ecuador","water quality",7.52707203481335,0.0275716924352137
"326","El.Salvador","water quality",0.0542190240877682,0.00677737801097102
"327","Guatemala","water quality",0.337252975940787,0.0224835317293858
"328","Honduras","water quality",0.0320816570240092,0.0106938856746697
"329","Jamaica","water quality",0.000649266329048176,0.000649266329048176
"330","Mexico","water quality",65.2459956288114,0.0285665479986039
"331","Nicaragua","water quality",0.0076988879384089,0.0076988879384089
"332","Panama","water quality",1.75426560979818,0.0158041946828665
"333","Paraguay","water quality",0.438857436387616,0.0132987101935641
"334","Peru","water quality",5.42821812598614,0.015290755284468
"335","Uruguay","water quality",3.59455421054819,0.0244527497316204
"336","Venezuela","water quality",2.87983906327771,0.0201387347082357
"337","Argentina","geomorphology",53.2985225769868,0.0315562596666588
"338","Bahamas","geomorphology",0.0105577476804948,0.0105577476804948
"339","Belize","geomorphology",5.27714007565295,0.0722895900774377
"340","Bolivia","geomorphology",8.89368526139745,0.0375260981493563
"341","Brazil","geomorphology",130.599238030292,0.0232341643889507
"342","Chile","geomorphology",31.7382729828752,0.029773239195943
"343","Colombia","geomorphology",8.89850161970964,0.024180710923124
"344","Costa.Rica","geomorphology",4.49305640409167,0.0245522207873862
"345","Cuba","geomorphology",0.0761083278397496,0.0190270819599374
"346","Ecuador","geomorphology",5.08959206379474,0.0186431943728745
"347","El.Salvador","geomorphology",0.283414286284933,0.0354267857856166
"348","Guatemala","geomorphology",0.899622034056361,0.0599748022704241
"349","Honduras","geomorphology",0.0161099336113666,0.00536997787045553
"350","Jamaica","geomorphology",0.00298662511362161,0.00298662511362161
"351","Mexico","geomorphology",60.3321560882449,0.026415129635834
"352","Nicaragua","geomorphology",0.0436270316509837,0.0436270316509837
"353","Panama","geomorphology",2.95595009197385,0.0266301810087734
"354","Paraguay","geomorphology",1.17009083374639,0.0354572979923149
"355","Peru","geomorphology",13.9821130147586,0.0393862338443903
"356","Uruguay","geomorphology",2.3777366616921,0.0161750793312388
"357","Venezuela","geomorphology",4.92780405624531,0.0344601682254917
"358","Argentina","mining",4.21870935492641,0.00249775568675335
"359","Bahamas","mining",0.000106643915964594,0.000106643915964594
"360","Belize","mining",0.0952936011942764,0.00130539179718187
"361","Bolivia","mining",3.39394361307926,0.0143204371859884
"362","Brazil","mining",33.2961217766154,0.00592352282095987
"363","Chile","mining",7.7877322019925,0.00730556491744137
"364","Colombia","mining",1.38355721495292,0.00375966634498075
"365","Costa.Rica","mining",0.113896998945869,0.000622387972381795
"366","Cuba","mining",0.00167579327719473,0.000418948319298681
"367","Ecuador","mining",1.88595029133701,0.00690824282541029
"368","El.Salvador","mining",0.00436453924303076,0.000545567405378845
"369","Guatemala","mining",0.0195508859031977,0.00130339239354651
"370","Honduras","mining",0.00892249504832347,0.00297416501610782
"371","Jamaica","mining",0.000129853265809635,0.000129853265809635
"372","Mexico","mining",12.2617430475754,0.0053685389875549
"373","Nicaragua","mining",0.000855431993156544,0.000855431993156544
"374","Panama","mining",0.0522175257144528,0.000470428159589665
"375","Paraguay","mining",0.0350267957455999,0.00106141805289697
"376","Peru","mining",3.29048615478068,0.00926897508388924
"377","Uruguay","mining",0.288630285305678,0.00196347132861005
"378","Venezuela","mining",1.05168146173852,0.00735441581635326
"379","Argentina","invasive aquatic species",9.88480080225997,0.00585245755018352
"380","Bahamas","invasive aquatic species",0.000106643915964594,0.000106643915964594
"381","Belize","invasive aquatic species",0.531725572365501,0.00728391195021234
"382","Bolivia","invasive aquatic species",0.751847523210424,0.00317235241860938
"383","Brazil","invasive aquatic species",30.8420018824621,0.00548692436976732
"384","Chile","invasive aquatic species",5.31578148612652,0.00498666180687291
"385","Colombia","invasive aquatic species",1.15546570241754,0.00313985245222157
"386","Costa.Rica","invasive aquatic species",0.513285832572499,0.00280484061515027
"387","Cuba","invasive aquatic species",0.00800229375709514,0.00200057343927379
"388","Ecuador","invasive aquatic species",1.17413682568004,0.0043008674933335
"389","El.Salvador","invasive aquatic species",0.01096083741389,0.00137010467673625
"390","Guatemala","invasive aquatic species",0.0153114288911554,0.00102076192607702
"391","Honduras","invasive aquatic species",0.051317115901261,0.0171057053004203
"392","Jamaica","invasive aquatic species",0.00870016880924555,0.00870016880924555
"393","Mexico","invasive aquatic species",9.50473283020538,0.00416144169448572
"394","Nicaragua","invasive aquatic species",0.00256629597946963,0.00256629597946963
"395","Panama","invasive aquatic species",0.307959762203516,0.00277441227210375
"396","Paraguay","invasive aquatic species",0.360569032945102,0.0109263343316698
"397","Peru","invasive aquatic species",2.08435229850046,0.00587141492535342
"398","Uruguay","invasive aquatic species",1.70987685444431,0.0116318153363558
"399","Venezuela","invasive aquatic species",0.620767373470044,0.0043410305837066
"400","Argentina","coastal ecology",43.2002479249187,0.0255774114416333
"401","Bahamas","coastal ecology",0.00170630265543351,0.00170630265543351
"402","Belize","coastal ecology",6.47372138162369,0.0886811148167629
"403","Bolivia","coastal ecology",0.789809050162932,0.00333252763781828
"404","Brazil","coastal ecology",141.312761577167,0.0251401461621006
"405","Chile","coastal ecology",17.0679149557024,0.0160111772567564
"406","Colombia","coastal ecology",7.59680563067926,0.0206434935616284
"407","Costa.Rica","coastal ecology",2.46686282824501,0.0134801247445082
"408","Cuba","coastal ecology",0.0505023306352734,0.0126255826588183
"409","Ecuador","coastal ecology",2.10465275994174,0.00770935076901738
"410","El.Salvador","coastal ecology",0.0339954785541686,0.00424943481927107
"411","Guatemala","coastal ecology",0.341396115117143,0.0227597410078095
"412","Honduras","coastal ecology",0.412029359497644,0.137343119832548
"413","Jamaica","coastal ecology",0.0324633164524088,0.0324633164524088
"414","Mexico","coastal ecology",72.7774657916602,0.0318640393133364
"415","Nicaragua","coastal ecology",0.0667236954662104,0.0667236954662104
"416","Panama","coastal ecology",1.55375540447238,0.0139977964366882
"417","Paraguay","coastal ecology",0.468609935080235,0.0142003010630374
"418","Peru","coastal ecology",3.69573932659322,0.0104105333143471
"419","Uruguay","coastal ecology",5.01612211869538,0.0341232797190162
"420","Venezuela","coastal ecology",3.66304872208387,0.0256157253292578
"421","Argentina","toxicology",86.3150346782172,0.0511042242026153
"422","Bahamas","toxicology",0.00223952223525648,0.00223952223525648
"423","Belize","toxicology",1.71023494755153,0.0234278759938566
"424","Bolivia","toxicology",5.00713527323914,0.021127153051642
"425","Brazil","toxicology",286.548988818438,0.0509782936876779
"426","Chile","toxicology",35.2517552796007,0.0330691888176367
"427","Colombia","toxicology",10.3826662546898,0.0282137669964398
"428","Costa.Rica","toxicology",4.95999103521961,0.027103776148741
"429","Cuba","toxicology",0.328227588613946,0.0820568971534864
"430","Ecuador","toxicology",3.46400745036471,0.0126886719793579
"431","El.Salvador","toxicology",0.0316617825826755,0.00395772282283444
"432","Guatemala","toxicology",0.214292334970493,0.0142861556646995
"433","Honduras","toxicology",0.10627638147171,0.0354254604905701
"434","Jamaica","toxicology",0.000649266329048176,0.000649266329048176
"435","Mexico","toxicology",99.4258124742631,0.0435314415386441
"436","Nicaragua","toxicology",0.103507271171942,0.103507271171942
"437","Panama","toxicology",0.29772271246311,0.00268218659876676
"438","Paraguay","toxicology",1.12470806307331,0.0340820625173729
"439","Peru","toxicology",6.34907043435198,0.0178847054488788
"440","Uruguay","toxicology",4.75133918153754,0.0323220352485547
"441","Venezuela","toxicology",6.143417810363,0.0429609637088322
"442","Argentina","solar radiation",14.1504952852512,0.00837803154840216
"443","Bahamas","solar radiation",0.0214354271088834,0.0214354271088834
"444","Belize","solar radiation",0.347338719222987,0.00475806464689023
"445","Bolivia","solar radiation",1.75082055374005,0.00738742849679347
"446","Brazil","solar radiation",44.3405281836754,0.00788837007359463
"447","Chile","solar radiation",11.203793244005,0.0105101249943761
"448","Colombia","solar radiation",2.19125713797578,0.00595450309232548
"449","Costa.Rica","solar radiation",1.09493103664194,0.00598322970842591
"450","Cuba","solar radiation",0.01009762550986,0.00252440637746499
"451","Ecuador","solar radiation",1.9997388320855,0.00732505066697987
"452","El.Salvador","solar radiation",0.0466562460021949,0.00583203075027436
"453","Guatemala","solar radiation",0.0338140844778999,0.00225427229852666
"454","Honduras","solar radiation",0.00491282914514064,0.00163760971504688
"455","Jamaica","solar radiation",0.000129853265809635,0.000129853265809635
"456","Mexico","solar radiation",15.6079530708884,0.00683360467201768
"457","Nicaragua","solar radiation",0.00598802395209581,0.00598802395209581
"458","Panama","solar radiation",0.817151019951492,0.00736172090046389
"459","Paraguay","solar radiation",0.079656746936989,0.00241384081627239
"460","Peru","solar radiation",1.69450960534593,0.00477326649393219
"461","Uruguay","solar radiation",0.639685010645463,0.00435159871187389
"462","Venezuela","solar radiation",1.09223979044654,0.00763804049263317
"463","Argentina","marine science",15.0321717695834,0.0089000424923525
"464","Bahamas","marine science",0.00757171803348619,0.00757171803348619
"465","Belize","marine science",1.22346655482568,0.0167598158195299
"466","Bolivia","marine science",0.43576389325963,0.00183866621628536
"467","Brazil","marine science",50.0650369203922,0.00890678472164957
"468","Chile","marine science",28.3630719727251,0.0266070093552768
"469","Colombia","marine science",1.89338048082796,0.0051450556544238
"470","Costa.Rica","marine science",1.69036819541574,0.00923698467440296
"471","Cuba","marine science",0.0532265565985841,0.013306639149646
"472","Ecuador","marine science",0.514583243031112,0.00188492030414327
"473","El.Salvador","marine science",0.011913914006427,0.00148923925080337
"474","Guatemala","marine science",0.0250089840296955,0.0016672656019797
"475","Honduras","marine science",0.00664109207679351,0.00221369735893117
"476","Jamaica","marine science",0.0162316582262044,0.0162316582262044
"477","Mexico","marine science",37.2901333556534,0.0163266783518622
"478","Nicaragua","marine science",0.000855431993156544,0.000855431993156544
"479","Panama","marine science",0.871713694893999,0.00785327653057656
"480","Paraguay","marine science",0.186976099729149,0.00566594241603483
"481","Peru","marine science",9.41426898163606,0.0265190675539044
"482","Uruguay","marine science",2.76992093351841,0.0188429995477443
"483","Venezuela","marine science",3.21484147154528,0.022481408891925
"484","Argentina","evolutionary ecology",69.656402491982,0.0412412092906939
"485","Bahamas","evolutionary ecology",0.00298602964700864,0.00298602964700864
"486","Belize","evolutionary ecology",2.39528829302346,0.0328121683975816
"487","Bolivia","evolutionary ecology",4.25714198717102,0.0179626244184431
"488","Brazil","evolutionary ecology",243.550792391247,0.0433287301888005
"489","Chile","evolutionary ecology",26.2046563526148,0.0245822292238413
"490","Colombia","evolutionary ecology",10.1577279765229,0.0276025216753339
"491","Costa.Rica","evolutionary ecology",5.21382979574678,0.0284908732008021
"492","Cuba","evolutionary ecology",0.0539381118459161,0.013484527961479
"493","Ecuador","evolutionary ecology",8.11428901483218,0.0297226703840006
"494","El.Salvador","evolutionary ecology",0.0176785536783627,0.00220981920979533
"495","Guatemala","evolutionary ecology",0.573829213844942,0.0382552809229961
"496","Honduras","evolutionary ecology",0.00325072662413425,0.00108357554137808
"497","Jamaica","evolutionary ecology",0.00051941306323854,0.00051941306323854
"498","Mexico","evolutionary ecology",53.6881319270038,0.0235061873585831
"499","Nicaragua","evolutionary ecology",0.00171086398631309,0.00171086398631309
"500","Panama","evolutionary ecology",5.13908520328066,0.0462980648944204
"501","Paraguay","evolutionary ecology",1.05301774190618,0.0319096285426116
"502","Peru","evolutionary ecology",5.65599295302756,0.0159323745155706
"503","Uruguay","evolutionary ecology",8.7219631808093,0.0593330828626483
"504","Venezuela","evolutionary ecology",4.00759570930413,0.0280251448203086
"505","Argentina","salt water",7.82477608716463,0.00463278631566882
"506","Bahamas","salt water",0.0195158366215207,0.0195158366215207
"507","Belize","salt water",0.487903569678565,0.00668361054354198
"508","Bolivia","salt water",0.902721077762631,0.00380894969520098
"509","Brazil","salt water",15.7413264737647,0.00280044947051498
"510","Chile","salt water",4.27033073531292,0.00400593877609092
"511","Colombia","salt water",1.10253231554318,0.00299601172701951
"512","Costa.Rica","salt water",0.195050480430606,0.00106584961983938
"513","Cuba","salt water",0.00113510660512119,0.000283776651280298
"514","Ecuador","salt water",0.30374901630547,0.0011126337593607
"515","El.Salvador","salt water",0.0220131792024185,0.00275164740030231
"516","Guatemala","salt water",0.0161528796141603,0.00107685864094402
"517","Honduras","salt water",0.000513780562401699,0.000171260187467233
"518","Jamaica","salt water",0.000649266329048176,0.000649266329048176
"519","Mexico","salt water",12.4289442568493,0.00544174442068707
"520","Nicaragua","salt water",0.000855431993156544,0.000855431993156544
"521","Panama","salt water",0.213097934829023,0.00191980121467588
"522","Paraguay","salt water",0.244994171409378,0.00742406580028417
"523","Peru","salt water",0.540247642781208,0.00152182434586256
"524","Uruguay","salt water",0.483132661744616,0.00328661674656201
"525","Venezuela","salt water",0.777400698734668,0.00543636852262006
"526","Argentina","soil",45.3829855118135,0.026869736833519
"527","Bahamas","soil",0.0018129465713981,0.0018129465713981
"528","Belize","soil",1.87259662685919,0.0256520085871122
"529","Bolivia","soil",3.91216248087364,0.0165070146872305
"530","Brazil","soil",139.647383207003,0.0248438682097497
"531","Chile","soil",26.1850192767314,0.0245638079519057
"532","Colombia","soil",6.31640225319599,0.0171641365575978
"533","Costa.Rica","soil",4.86458156172684,0.0265824129056111
"534","Cuba","soil",0.0142724571441459,0.00356811428603647
"535","Ecuador","soil",8.83219493926542,0.0323523624148916
"536","El.Salvador","soil",0.0408718376018218,0.00510897970022772
"537","Guatemala","soil",0.135728016273913,0.00904853441826087
"538","Honduras","soil",0.0177182829726889,0.00590609432422962
"539","Jamaica","soil",0.000389559797428905,0.000389559797428905
"540","Mexico","soil",36.1778186181398,0.0158396754019877
"541","Nicaragua","soil",0.00256629597946963,0.00256629597946963
"542","Panama","soil",3.26330695229648,0.0293991617324007
"543","Paraguay","soil",0.157534473667789,0.00477377192932695
"544","Peru","soil",3.39334539427512,0.00955871942049331
"545","Uruguay","soil",1.66284355321928,0.0113118609062536
"546","Venezuela","soil",3.62881637078832,0.0253763382572609
"547","Argentina","desalination",5.19537211097076,0.00307600480223254
"548","Bahamas","desalination",0.00394582489068999,0.00394582489068999
"549","Belize","desalination",0.193349442895181,0.00264862250541343
"550","Bolivia","desalination",0.951200201801126,0.00401350296118618
"551","Brazil","desalination",56.5576421002053,0.0100618470201397
"552","Chile","desalination",7.50275080034184,0.00703822776767528
"553","Colombia","desalination",2.89043356419415,0.00785443903313628
"554","Costa.Rica","desalination",0.895426859675811,0.00489304294904815
"555","Cuba","desalination",0.0655115563842392,0.0163778890960598
"556","Ecuador","desalination",2.71956361862217,0.00996177149678451
"557","El.Salvador","desalination",0.024580912096105,0.00307261401201313
"558","Guatemala","desalination",0.0962422428651488,0.00641614952434326
"559","Honduras","desalination",0.00427412624628878,0.00142470874876293
"560","Jamaica","desalination",0.225555122711336,0.225555122711336
"561","Mexico","desalination",20.6844030669862,0.00905621850568574
"562","Nicaragua","desalination",0.00940975192472198,0.00940975192472198
"563","Panama","desalination",0.935814929393504,0.00843076512967121
"564","Paraguay","desalination",0.32442035268086,0.00983091977820789
"565","Peru","desalination",2.09326731491517,0.00589652764764836
"566","Uruguay","desalination",0.596723678288484,0.0040593447502618
"567","Venezuela","desalination",1.24448427954078,0.00870268726951593
"568","Argentina","reservoirs",6.30145316401234,0.00373087813144603
"569","Bahamas","reservoirs",0.000106643915964594,0.000106643915964594
"570","Belize","reservoirs",0.244414309752718,0.00334814122948929
"571","Bolivia","reservoirs",0.862460332562322,0.00363907313317435
"572","Brazil","reservoirs",67.1077022947277,0.0119387479620579
"573","Chile","reservoirs",3.10351865682053,0.00291136834598549
"574","Colombia","reservoirs",1.28731150478567,0.00349812908909149
"575","Costa.Rica","reservoirs",0.792280658377376,0.0043294025047944
"576","Cuba","reservoirs",0.135327144422556,0.0338317861056391
"577","Ecuador","reservoirs",1.21191644776629,0.00443925438742232
"578","El.Salvador","reservoirs",0.0859290206909224,0.0107411275863653
"579","Guatemala","reservoirs",0.116420967565491,0.00776139783769939
"580","Honduras","reservoirs",0.000513780562401699,0.000171260187467233
"581","Jamaica","reservoirs",0.000129853265809635,0.000129853265809635
"582","Mexico","reservoirs",12.3783461954046,0.00541959115385489
"583","Nicaragua","reservoirs",0.000855431993156544,0.000855431993156544
"584","Panama","reservoirs",0.237924118920395,0.00214346053081437
"585","Paraguay","reservoirs",0.146952316854212,0.00445310051073369
"586","Peru","reservoirs",1.51392686650226,0.00426458272254158
"587","Uruguay","reservoirs",0.84203393157389,0.00572812198349585
"588","Venezuela","reservoirs",0.637058326586226,0.00445495333277081
"589","Argentina","fuel",9.93023227915673,0.00587935599713246
"590","Bahamas","fuel",0.00117308307561054,0.00117308307561054
"591","Belize","fuel",0.3584370852093,0.00491009705766164
"592","Bolivia","fuel",1.63252453560038,0.00688828917974845
"593","Brazil","fuel",73.0122280542494,0.0129891884102917
"594","Chile","fuel",10.4629817264557,0.00981517985596219
"595","Colombia","fuel",5.7447493179918,0.015610731842369
"596","Costa.Rica","fuel",1.38582782574858,0.00757282964889935
"597","Cuba","fuel",0.0332792617523736,0.00831981543809341
"598","Ecuador","fuel",2.07506442496937,0.0076009685896314
"599","El.Salvador","fuel",0.0399294677558594,0.00499118346948243
"600","Guatemala","fuel",0.058555093837522,0.00390367292250147
"601","Honduras","fuel",0.00556695106852537,0.00185565035617512
"602","Jamaica","fuel",0.101675107128944,0.101675107128944
"603","Mexico","fuel",28.0504336732007,0.0122812756887919
"604","Nicaragua","fuel",0.00598802395209581,0.00598802395209581
"605","Panama","fuel",0.497504199763855,0.00448201981769239
"606","Paraguay","fuel",0.706295083196296,0.0214028813089787
"607","Peru","fuel",5.84492875431995,0.0164645880403379
"608","Uruguay","fuel",2.68112370089481,0.0182389367407811
"609","Venezuela","fuel",2.00598214344948,0.0140278471569894
"610","Argentina","irrigation",12.6296498911678,0.0074775902256766
"611","Bahamas","irrigation",0.000319931747893783,0.000319931747893783
"612","Belize","irrigation",0.324237578779767,0.00444161066821598
"613","Bolivia","irrigation",2.9114761111367,0.0122847093296907
"614","Brazil","irrigation",70.3345224718237,0.0125128131065333
"615","Chile","irrigation",17.3111080818591,0.0162393133976164
"616","Colombia","irrigation",1.4730517662356,0.00400285806042282
"617","Costa.Rica","irrigation",0.46009899944596,0.00251420218276481
"618","Cuba","irrigation",0.0138673963963913,0.00346684909909783
"619","Ecuador","irrigation",2.21625460636558,0.00811814874126586
"620","El.Salvador","irrigation",0.255258831838334,0.0319073539797918
"621","Guatemala","irrigation",0.0131160862997447,0.000874405753316313
"622","Honduras","irrigation",0.0740215723883352,0.0246738574627784
"623","Jamaica","irrigation",0.000129853265809635,0.000129853265809635
"624","Mexico","irrigation",22.0454156043754,0.0096521084082204
"625","Nicaragua","irrigation",0.000855431993156544,0.000855431993156544
"626","Panama","irrigation",0.339279978114716,0.00305657637941186
"627","Paraguay","irrigation",0.0446227278369563,0.00135220387384716
"628","Peru","irrigation",3.18321341192798,0.00896679834345909
"629","Uruguay","irrigation",1.91987734306043,0.0130603900888465
"630","Venezuela","irrigation",1.0944149706019,0.00765325154267066
"631","Argentina","water governance",9.16569703313093,0.00542670043406213
"632","Bahamas","water governance",0.00138637090753972,0.00138637090753973
"633","Belize","water governance",0.924995847885294,0.0126711759984287
"634","Bolivia","water governance",17.444516207073,0.0736055536163419
"635","Brazil","water governance",42.189857883004,0.00750575660612061
"636","Chile","water governance",15.3821033621448,0.0144297404898169
"637","Colombia","water governance",9.13333842679299,0.0248188544206331
"638","Costa.Rica","water governance",3.70005392228073,0.0202188738922444
"639","Cuba","water governance",0.00275716662134179,0.000689291655335448
"640","Ecuador","water governance",13.4198822246772,0.0491570777460705
"641","El.Salvador","water governance",0.0096026065645317,0.00120032582056646
"642","Guatemala","water governance",0.0691428126691692,0.00460952084461128
"643","Honduras","water governance",0.176626760470103,0.0588755868233676
"644","Jamaica","water governance",0.0354499415660304,0.0354499415660304
"645","Mexico","water governance",34.4290240931243,0.0150740035433994
"646","Nicaragua","water governance",0.00256629597946963,0.00256629597946963
"647","Panama","water governance",0.307518621346069,0.00277043803014477
"648","Paraguay","water governance",2.25941563267935,0.0684671403842228
"649","Peru","water governance",16.0361714447807,0.0451723139289596
"650","Uruguay","water governance",0.643870306733982,0.00438007011383661
"651","Venezuela","water governance",1.24327073121372,0.00869420091757849
"652","Argentina","island and extreme weather",2.94925291459901,0.00174615329461161
"653","Bahamas","island and extreme weather",0.0018129465713981,0.0018129465713981
"654","Belize","island and extreme weather",0.38798550682043,0.00531486995644424
"655","Bolivia","island and extreme weather",0.208880321963339,0.000881351569465566
"656","Brazil","island and extreme weather",8.25991213487896,0.00146947378311314
"657","Chile","island and extreme weather",1.64884888055921,0.00154676255211933
"658","Colombia","island and extreme weather",0.737791136264943,0.00200486721811126
"659","Costa.Rica","island and extreme weather",0.309510553042217,0.00169131449749845
"660","Cuba","island and extreme weather",0.00519556227848009,0.00129889056962002
"661","Ecuador","island and extreme weather",0.406977573243693,0.00149076034155199
"662","El.Salvador","island and extreme weather",0.0289282624351122,0.00361603280438903
"663","Guatemala","island and extreme weather",0.016774572659024,0.00111830484393493
"664","Honduras","island and extreme weather",0.0365959502233811,0.0121986500744604
"665","Jamaica","island and extreme weather",0.0146734190364888,0.0146734190364888
"666","Mexico","island and extreme weather",6.51024775167981,0.00285037116973722
"667","Nicaragua","island and extreme weather",0.000855431993156544,0.000855431993156544
"668","Panama","island and extreme weather",0.334690175736347,0.00301522680843556
"669","Paraguay","island and extreme weather",0.0327904646956573,0.000993650445322947
"670","Peru","island and extreme weather",0.444120877053583,0.0012510447240946
"671","Uruguay","island and extreme weather",0.0973312499261937,0.000662117346436692
"672","Venezuela","island and extreme weather",0.231717283013727,0.00162040058051557
"673","Argentina","land use and cover change",23.5122768676144,0.013920827038256
"674","Bahamas","land use and cover change",0.000106643915964594,0.000106643915964594
"675","Belize","land use and cover change",1.09836312610111,0.0150460702205632
"676","Bolivia","land use and cover change",2.2057751094846,0.00930706797250887
"677","Brazil","land use and cover change",72.8000052034438,0.0129514330552293
"678","Chile","land use and cover change",11.5080433597256,0.0107955378609058
"679","Colombia","land use and cover change",4.84517924130402,0.0131662479383261
"680","Costa.Rica","land use and cover change",2.74411369169322,0.0149951567852089
"681","Cuba","land use and cover change",0.00384207705402713,0.000960519263506781
"682","Ecuador","land use and cover change",7.86343696281505,0.0288037983985899
"683","El.Salvador","land use and cover change",0.179978144153587,0.0224972680191983
"684","Guatemala","land use and cover change",0.319126224007526,0.0212750816005018
"685","Honduras","land use and cover change",0.00950722279949431,0.0031690742664981
"686","Jamaica","land use and cover change",0.000649266329048176,0.000649266329048176
"687","Mexico","land use and cover change",20.1924018473677,0.00884080641303312
"688","Nicaragua","land use and cover change",0.000855431993156544,0.000855431993156544
"689","Panama","land use and cover change",2.2246447067685,0.0200418442051216
"690","Paraguay","land use and cover change",0.150468860589406,0.00455966244210321
"691","Peru","land use and cover change",3.29626896941822,0.00928526470258653
"692","Uruguay","land use and cover change",2.10726101154687,0.0143351089220876
"693","Venezuela","land use and cover change",1.75115422197701,0.012245833720119
"694","Argentina","canopy interception",4.33652317410665,0.00256750928011051
"695","Bahamas","canopy interception",0.000959795243681348,0.000959795243681348
"696","Belize","canopy interception",0.207984223093968,0.00284909894649271
"697","Bolivia","canopy interception",0.394440686279423,0.00166430669316212
"698","Brazil","canopy interception",31.2840611194284,0.00556556860334965
"699","Chile","canopy interception",10.4233990903305,0.0097780479271393
"700","Colombia","canopy interception",4.37562864909488,0.0118902952421056
"701","Costa.Rica","canopy interception",5.27107997683476,0.0288037157204085
"702","Cuba","canopy interception",0.00289343300487748,0.000723358251219369
"703","Ecuador","canopy interception",7.37698756269598,0.0270219324640878
"704","El.Salvador","canopy interception",0.048980910404187,0.00612261380052338
"705","Guatemala","canopy interception",0.0348267049461619,0.00232178032974413
"706","Honduras","canopy interception",0.0193317752698407,0.0064439250899469
"707","Jamaica","canopy interception",0.000389559797428905,0.000389559797428905
"708","Mexico","canopy interception",18.4539056957219,0.00807964347448418
"709","Nicaragua","canopy interception",0.000855431993156544,0.000855431993156544
"710","Panama","canopy interception",3.21479935824872,0.0289621563806191
"711","Paraguay","canopy interception",0.0393637309433103,0.00119284033161546
"712","Peru","canopy interception",2.10454569170065,0.00592829772310044
"713","Uruguay","canopy interception",0.402824460486724,0.00274030245229064
"714","Venezuela","canopy interception",3.29944500733496,0.0230730420093354
"715","Argentina","lakes",32.1295149306812,0.0190228033929433
"716","Bahamas","lakes",0.104830969393196,0.104830969393196
"717","Belize","lakes",0.589064541006499,0.00806937727406163
"718","Bolivia","lakes",4.22217879255482,0.0178151003905267
"719","Brazil","lakes",49.1554819384007,0.00874497099064236
"720","Chile","lakes",5.55771906944588,0.00521362014019314
"721","Colombia","lakes",1.94774854280112,0.00529279495326392
"722","Costa.Rica","lakes",0.785276974717791,0.00429113100938684
"723","Cuba","lakes",0.0280931853125855,0.00702329632814638
"724","Ecuador","lakes",2.13866450254914,0.00783393590677341
"725","El.Salvador","lakes",0.00396905934625822,0.000496132418282278
"726","Guatemala","lakes",0.350990764200045,0.023399384280003
"727","Honduras","lakes",0.00356033822090392,0.00118677940696797
"728","Jamaica","lakes",0.000129853265809635,0.000129853265809635
"729","Mexico","lakes",17.3180841403952,0.00758234857285256
"730","Nicaragua","lakes",0.0710008554319932,0.0710008554319932
"731","Panama","lakes",0.344170541151739,0.00310063550587152
"732","Paraguay","lakes",0.188375930766676,0.00570836153838414
"733","Peru","lakes",2.97149456892393,0.00837040723640544
"734","Uruguay","lakes",3.24230657504012,0.0220565073131981
"735","Venezuela","lakes",2.72427724099835,0.0190508897971912
"736","Argentina","atmosphere",11.0946099305525,0.00656874477830224
"737","Bahamas","atmosphere",0.00127972699157513,0.00127972699157513
"738","Belize","atmosphere",0.686782568375567,0.0094079803887064
"739","Bolivia","atmosphere",2.33963971577276,0.00987189753490617
"740","Brazil","atmosphere",54.9219620747987,0.00977085253065267
"741","Chile","atmosphere",9.22509287392799,0.00865393327760599
"742","Colombia","atmosphere",3.09788373944079,0.00841816233543692
"743","Costa.Rica","atmosphere",2.1722413835399,0.0118701714947536
"744","Cuba","atmosphere",0.0163368244082926,0.00408420610207316
"745","Ecuador","atmosphere",2.26144831575396,0.00828369346430021
"746","El.Salvador","atmosphere",0.0249245974258597,0.00311557467823247
"747","Guatemala","atmosphere",0.091054919915512,0.00607032799436747
"748","Honduras","atmosphere",0.00674793977284719,0.00224931325761573
"749","Jamaica","atmosphere",0.00025970653161927,0.00025970653161927
"750","Mexico","atmosphere",15.6659195098189,0.00685898402356343
"751","Nicaragua","atmosphere",0.00171086398631309,0.00171086398631309
"752","Panama","atmosphere",1.25674191540507,0.0113219992378835
"753","Paraguay","atmosphere",0.135829176322329,0.00411603564613117
"754","Peru","atmosphere",3.99454047400361,0.0112522266873341
"755","Uruguay","atmosphere",1.20669186853958,0.00820878822135768
"756","Venezuela","atmosphere",1.92611914096741,0.0134693646221498
"757","Argentina","waste water",11.8435003588687,0.0070121375718583
"758","Bahamas","waste water",0.000319931747893783,0.000319931747893783
"759","Belize","waste water",0.238328422549181,0.00326477291163262
"760","Bolivia","waste water",3.14034730993793,0.0132504105904554
"761","Brazil","waste water",134.576567276837,0.0239417483146837
"762","Chile","waste water",9.01216156035004,0.00845418532865857
"763","Colombia","waste water",11.6462773081447,0.0316474926851758
"764","Costa.Rica","waste water",1.11832171366592,0.00611104761566078
"765","Cuba","waste water",0.340242394736088,0.085060598684022
"766","Ecuador","waste water",2.76527261050969,0.0101292037015007
"767","El.Salvador","waste water",0.311508398175368,0.0389385497719211
"768","Guatemala","waste water",0.0867589494034436,0.00578392996022957
"769","Honduras","waste water",0.00400816001639758,0.00133605333879919
"770","Jamaica","waste water",0.000129853265809635,0.000129853265809635
"771","Mexico","waste water",43.2397418315046,0.0189315857405887
"772","Nicaragua","waste water",0.00427715996578272,0.00427715996578272
"773","Panama","waste water",0.112531441017948,0.00101379676592746
"774","Paraguay","waste water",0.286182013325016,0.00867218222197019
"775","Peru","waste water",0.939199666791501,0.00264563286420141
"776","Uruguay","waste water",1.15556215208805,0.00786096702100713
"777","Venezuela","waste water",1.53011550612713,0.0107001084344554
"778","Argentina","agricultural economics",8.31503627001453,0.00492305285376823
"779","Bahamas","agricultural economics",0.000959795243681348,0.000959795243681348
"780","Belize","agricultural economics",0.272858663271429,0.0037377899078278
"781","Bolivia","agricultural economics",2.93557999428583,0.0123864134779993
"782","Brazil","agricultural economics",34.3472156682594,0.00611051693084137
"783","Chile","agricultural economics",20.7839998759483,0.019497185624717
"784","Colombia","agricultural economics",7.41666159802488,0.0201539717337632
"785","Costa.Rica","agricultural economics",2.03925217420044,0.0111434545038275
"786","Cuba","agricultural economics",0.00856823405816373,0.00214205851454093
"787","Ecuador","agricultural economics",7.03353051671215,0.0257638480465646
"788","El.Salvador","agricultural economics",0.0196070155222308,0.00245087694027885
"789","Guatemala","agricultural economics",0.0173847358360494,0.00115898238906996
"790","Honduras","agricultural economics",0.0622725441859159,0.0207575147286386
"791","Jamaica","agricultural economics",0.0203869627321127,0.0203869627321127
"792","Mexico","agricultural economics",36.6299589804236,0.0160376352803956
"793","Nicaragua","agricultural economics",0.000855431993156544,0.000855431993156544
"794","Panama","agricultural economics",1.05855332604322,0.00953651645083984
"795","Paraguay","agricultural economics",0.294665179028881,0.00892924784936003
"796","Peru","agricultural economics",5.77984839058145,0.0162812630720604
"797","Uruguay","agricultural economics",0.602336931381782,0.0040975301454543
"798","Venezuela","agricultural economics",0.58507646182862,0.00409144378901133
"799","Argentina","surface water management",7.51677460176871,0.00445042901229645
"800","Bahamas","surface water management",0.000106643915964594,0.000106643915964594
"801","Belize","surface water management",0.27333209623847,0.00374427529093794
"802","Bolivia","surface water management",1.05495964245203,0.00445130650823642
"803","Brazil","surface water management",23.7972889234961,0.00423363973020746
"804","Chile","surface water management",5.86481197056729,0.00550169978477232
"805","Colombia","surface water management",2.12263072273591,0.00576801826830411
"806","Costa.Rica","surface water management",1.24318961071983,0.00679338585092801
"807","Cuba","surface water management",0.0262589645776748,0.0065647411444187
"808","Ecuador","surface water management",2.00575278843445,0.00734707981111519
"809","El.Salvador","surface water management",0.0753312739975328,0.0094164092496916
"810","Guatemala","surface water management",0.0570522288661107,0.00380348192440738
"811","Honduras","surface water management",0.000513780562401699,0.000171260187467233
"812","Jamaica","surface water management",0.000129853265809635,0.000129853265809635
"813","Mexico","surface water management",19.9290096187813,0.00872548582258375
"814","Nicaragua","surface water management",0.00940975192472198,0.00940975192472198
"815","Panama","surface water management",1.37674672561951,0.0124031236542298
"816","Paraguay","surface water management",0.15277829387045,0.00462964526880152
"817","Peru","surface water management",2.62856683693709,0.0074044136251749
"818","Uruguay","surface water management",0.715231959674042,0.00486552353519756
"819","Venezuela","surface water management",0.387498316610405,0.002709778437835
"820","Argentina","glaciers",7.76646750190299,0.00459826376666844
"821","Bahamas","glaciers",0.000106643915964594,0.000106643915964594
"822","Belize","glaciers",0.0413426812928503,0.000566338099902059
"823","Bolivia","glaciers",6.00882460716045,0.0253536903255715
"824","Brazil","glaciers",5.20119580091287,0.000925315033074697
"825","Chile","glaciers",12.1953399749065,0.0114402814023513
"826","Colombia","glaciers",0.680606808159743,0.00184947502217322
"827","Costa.Rica","glaciers",0.35455868605123,0.00193747915874989
"828","Cuba","glaciers",0.00491991330963593,0.00122997832740898
"829","Ecuador","glaciers",1.59470495565059,0.00584141009395821
"830","El.Salvador","glaciers",0.00493227774403732,0.000616534718004665
"831","Guatemala","glaciers",0.0534181904876014,0.00356121269917343
"832","Honduras","glaciers",0.00286816106309062,0.000956053687696872
"833","Jamaica","glaciers",0.000129853265809635,0.000129853265809635
"834","Mexico","glaciers",2.39295804179894,0.00104770492197852
"835","Nicaragua","glaciers",0.000855431993156544,0.000855431993156544
"836","Panama","glaciers",0.163009957364412,0.00146855817445416
"837","Paraguay","glaciers",0.026763879491226,0.000811026651249272
"838","Peru","glaciers",8.39845614268787,0.0236576229371489
"839","Uruguay","glaciers",0.096011368685672,0.000653138562487564
"840","Venezuela","glaciers",0.189372320608413,0.0013242819622966
"841","Argentina","basin",6.67577428703694,0.00395250105804437
"842","Bahamas","basin",0.00287938573104404,0.00287938573104404
"843","Belize","basin",0.141803960096471,0.00194252000132153
"844","Bolivia","basin",1.99906676373116,0.00843488085962515
"845","Brazil","basin",25.0610188070478,0.00445846269472474
"846","Chile","basin",5.16572588454445,0.0048458967021993
"847","Colombia","basin",1.43052054643499,0.00388728409357333
"848","Costa.Rica","basin",0.655368540633847,0.00358124885592266
"849","Cuba","basin",0.0144479699167861,0.00361199247919651
"850","Ecuador","basin",1.0464141267148,0.0038330187791751
"851","El.Salvador","basin",0.010878064274492,0.0013597580343115
"852","Guatemala","basin",0.027863290504388,0.00185755270029253
"853","Honduras","basin",0.00110184289700917,0.000367280965669723
"854","Jamaica","basin",0.000649266329048176,0.000649266329048176
"855","Mexico","basin",10.0255808709451,0.00438948374384637
"856","Nicaragua","basin",0.00427715996578272,0.00427715996578272
"857","Panama","basin",0.261235607471565,0.00235347394118527
"858","Paraguay","basin",0.466443827864411,0.0141346614504367
"859","Peru","basin",1.73495569013988,0.00488719912715458
"860","Uruguay","basin",0.841145690451105,0.00572207952687827
"861","Venezuela","basin",0.94928911986555,0.00663838545360524
"862","Argentina","water policy",15.9560075681709,0.00944701454598633
"863","Bahamas","water policy",0.000959795243681348,0.000959795243681348
"864","Belize","water policy",1.82852090041429,0.0250482315125245
"865","Bolivia","water policy",5.74691615470728,0.0242485913700729
"866","Brazil","water policy",80.646545786749,0.0143473662669897
"867","Chile","water policy",16.0376774579158,0.0150447255702775
"868","Colombia","water policy",9.18347312768971,0.0249550900208959
"869","Costa.Rica","water policy",3.47223776288055,0.0189739768463418
"870","Cuba","water policy",0.0178878096273854,0.00447195240684635
"871","Ecuador","water policy",6.93602025654218,0.0254066676063816
"872","El.Salvador","water policy",0.0265709944748461,0.00332137430935576
"873","Guatemala","water policy",0.162882510090198,0.0108588340060132
"874","Honduras","water policy",0.159726249517997,0.0532420831726658
"875","Jamaica","water policy",0.112063368393715,0.112063368393715
"876","Mexico","water policy",66.9518114351753,0.0293134025548053
"877","Nicaragua","water policy",0.000855431993156544,0.000855431993156544
"878","Panama","water policy",0.943874775078893,0.0085033763520621
"879","Paraguay","water policy",1.48751367028855,0.0450761718269257
"880","Peru","water policy",8.3950388052677,0.0236479966345569
"881","Uruguay","water policy",1.47597674810368,0.0100406581503651
"882","Venezuela","water policy",1.70477709077496,0.0119215181173074
"883","Argentina","food science",8.57111768585414,0.00507467003306935
"884","Bahamas","food science",0.000533219579822971,0.000533219579822971
"885","Belize","food science",0.371016160673927,0.0050824131599168
"886","Bolivia","food science",0.646789844493912,0.00272907107381397
"887","Brazil","food science",31.3304284193541,0.00557381754480592
"888","Chile","food science",4.49035921020722,0.00421234447486606
"889","Colombia","food science",2.06873005032486,0.00562154904979582
"890","Costa.Rica","food science",0.249850378430035,0.00136530261437177
"891","Cuba","food science",0.00221647994926826,0.000554119987317065
"892","Ecuador","food science",0.924208597920501,0.00338537947956227
"893","El.Salvador","food science",0.00300744921076386,0.000375931151345483
"894","Guatemala","food science",0.0105157197432857,0.000701047982885715
"895","Honduras","food science",0.00125253760367975,0.000417512534559916
"896","Jamaica","food science",0.000649266329048176,0.000649266329048176
"897","Mexico","food science",8.47135904849029,0.00370900133471554
"898","Nicaragua","food science",0.0898203592814371,0.0898203592814371
"899","Panama","food science",0.117377962036287,0.00105745911744402
"900","Paraguay","food science",0.0167887636346825,0.000508750413172197
"901","Peru","food science",0.934453871844033,0.00263226442772967
"902","Uruguay","food science",0.58741160293253,0.00399599729886075
"903","Venezuela","food science",0.577116695422078,0.00403578108686767
"904","Argentina","rivers",30.273516587516,0.0179239292998911
"905","Bahamas","rivers",0.000106643915964594,0.000106643915964594
"906","Belize","rivers",0.766214786898482,0.0104960929712121
"907","Bolivia","rivers",5.01712546434848,0.0211693057567447
"908","Brazil","rivers",85.5260001932092,0.0152154421265272
"909","Chile","rivers",12.481064816851,0.0117083159632748
"910","Colombia","rivers",5.75491744916606,0.0156383626336034
"911","Costa.Rica","rivers",1.6246687951353,0.00887797155811638
"912","Cuba","rivers",0.0648517565522897,0.0162129391380724
"913","Ecuador","rivers",2.54092583380515,0.00930742063664891
"914","El.Salvador","rivers",0.0423236916217814,0.00529046145272268
"915","Guatemala","rivers",0.0697808374953103,0.00465205583302069
"916","Honduras","rivers",0.0079477056500235,0.0026492352166745
"917","Jamaica","rivers",0.000129853265809635,0.000129853265809635
"918","Mexico","rivers",25.6097903080994,0.011212692779378
"919","Nicaragua","rivers",0.000855431993156544,0.000855431993156544
"920","Panama","rivers",0.658866650061522,0.00593573558613984
"921","Paraguay","rivers",1.64029346417525,0.0497058625507653
"922","Peru","rivers",5.65911357799021,0.0159411650084231
"923","Uruguay","rivers",2.71065500628537,0.0184398299747304
"924","Venezuela","rivers",2.70607859459511,0.0189236265356302
"925","Argentina","amazon floods",11.5286295995711,0.00682571320282482
"926","Bahamas","amazon floods",0.000319931747893783,0.000319931747893783
"927","Belize","amazon floods",0.304317045672952,0.00416872665305413
"928","Bolivia","amazon floods",4.05993884046008,0.0171305436306333
"929","Brazil","amazon floods",53.2344580187275,0.00947063832391522
"930","Chile","amazon floods",1.955160531141,0.00183410931626735
"931","Colombia","amazon floods",2.99852995250791,0.0081481792187715
"932","Costa.Rica","amazon floods",0.476345705837967,0.00260298199911457
"933","Cuba","amazon floods",0.00328699502318693,0.000821748755796733
"934","Ecuador","amazon floods",0.676381902450173,0.00247758938626437
"935","El.Salvador","amazon floods",0.0597536857166631,0.00746921071458289
"936","Guatemala","amazon floods",0.0708993719794924,0.00472662479863283
"937","Honduras","amazon floods",0.00304239615585336,0.00101413205195112
"938","Jamaica","amazon floods",0.000129853265809635,0.000129853265809635
"939","Mexico","amazon floods",6.37947000641794,0.00279311296252974
"940","Nicaragua","amazon floods",0.000855431993156544,0.000855431993156544
"941","Panama","amazon floods",0.143147271916345,0.00128961506230942
"942","Paraguay","amazon floods",0.869234616149723,0.026340442913628
"943","Peru","amazon floods",3.59563547280847,0.0101285506276295
"944","Uruguay","amazon floods",0.517329883820765,0.00351925091034534
"945","Venezuela","amazon floods",1.90167016895867,0.0132983927899208
"946","Argentina","forests",14.5770700392393,0.00863059208954371
"947","Bahamas","forests",0.000106643915964594,0.000106643915964594
"948","Belize","forests",1.01604081103291,0.0139183672744234
"949","Bolivia","forests",3.49835957052411,0.0147610108460933
"950","Brazil","forests",56.2574814300739,0.0100084471499865
"951","Chile","forests",13.8589119802262,0.0130008555161597
"952","Colombia","forests",3.1459186459118,0.00854869197258641
"953","Costa.Rica","forests",4.19625017515309,0.0229303288259731
"954","Cuba","forests",0.00714733389818146,0.00178683347454536
"955","Ecuador","forests",5.08778152460622,0.018636562361195
"956","El.Salvador","forests",0.0294252648289923,0.00367815810362404
"957","Guatemala","forests",0.452119223120017,0.0301412815413345
"958","Honduras","forests",0.0822544450728398,0.0274181483576133
"959","Jamaica","forests",0.000129853265809635,0.000129853265809635
"960","Mexico","forests",18.6510588608719,0.00816596272367423
"961","Nicaragua","forests",0.00598802395209581,0.00598802395209581
"962","Panama","forests",8.91714419104235,0.0803346323517329
"963","Paraguay","forests",0.0668786739749589,0.00202662648408967
"964","Peru","forests",3.23923148908389,0.00912459574389829
"965","Uruguay","forests",1.48211522506222,0.0100824164970219
"966","Venezuela","forests",2.10876103424684,0.0147465806590688
"967","Argentina","ecosystem management",12.1361293489192,0.00718539333861412
"968","Bahamas","ecosystem management",0.00074650741175216,0.00074650741175216
"969","Belize","ecosystem management",1.08783054615665,0.0149017883035157
"970","Bolivia","ecosystem management",2.57366783700406,0.0108593579620424
"971","Brazil","ecosystem management",50.9284378728355,0.00906038745291506
"972","Chile","ecosystem management",10.5617851362317,0.00990786598145559
"973","Colombia","ecosystem management",6.29503144119911,0.0171060636989106
"974","Costa.Rica","ecosystem management",2.76474720229094,0.0151079082092401
"975","Cuba","ecosystem management",0.0187504841225923,0.00468762103064808
"976","Ecuador","ecosystem management",7.53426930516851,0.0275980560628883
"977","El.Salvador","ecosystem management",0.0276358678141331,0.00345448347676664
"978","Guatemala","ecosystem management",0.155118187512722,0.0103412125008481
"979","Honduras","ecosystem management",0.0957780597340398,0.0319260199113466
"980","Jamaica","ecosystem management",0.00168809245552526,0.00168809245552526
"981","Mexico","ecosystem management",25.7430068019285,0.0112710187398986
"982","Nicaragua","ecosystem management",0.0128314798973482,0.0128314798973482
"983","Panama","ecosystem management",1.29772266771707,0.0116911952046583
"984","Paraguay","ecosystem management",0.252819239078678,0.00766118906299025
"985","Peru","ecosystem management",3.28276349085198,0.00924722110099151
"986","Uruguay","ecosystem management",2.11004275633337,0.0143540323560093
"987","Venezuela","ecosystem management",1.21512707865941,0.00849739215845744
"988","Argentina","stream ecology",16.9435632760892,0.0100317130113021
"989","Bahamas","stream ecology",0.000106643915964594,0.000106643915964594
"990","Belize","stream ecology",0.480516192278287,0.00658241359285325
"991","Bolivia","stream ecology",0.812553517707711,0.0034284958553068
"992","Brazil","stream ecology",58.0095703748358,0.0103201512853293
"993","Chile","stream ecology",6.79418463869774,0.00637353155600163
"994","Colombia","stream ecology",1.88062662472303,0.00511039843674737
"995","Costa.Rica","stream ecology",6.45872179981108,0.0352935617476015
"996","Cuba","stream ecology",0.0056678092452586,0.00141695231131465
"997","Ecuador","stream ecology",3.41567197584879,0.0125116189591531
"998","El.Salvador","stream ecology",0.0210595360348113,0.00263244200435141
"999","Guatemala","stream ecology",0.020950868496202,0.00139672456641347
"1000","Honduras","stream ecology",0.0034312543818049,0.00114375146060163
"1001","Jamaica","stream ecology",0.000649266329048176,0.000649266329048176
"1002","Mexico","stream ecology",10.4308268030017,0.00456691191024595
"1003","Nicaragua","stream ecology",0.00598802395209581,0.00598802395209581
"1004","Panama","stream ecology",3.26714061174833,0.0294336992049399
"1005","Paraguay","stream ecology",0.3727654173476,0.0112959217378061
"1006","Peru","stream ecology",2.61842135905149,0.00737583481422955
"1007","Uruguay","stream ecology",1.27173733975636,0.0086512744201113
"1008","Venezuela","stream ecology",0.764225573727851,0.00534423478131364
"1009","Argentina","wetlands",11.3556461379749,0.0067232955227797
"1010","Bahamas","wetlands",0.000106643915964594,0.000106643915964594
"1011","Belize","wetlands",1.48746543553053,0.020376238842884
"1012","Bolivia","wetlands",0.630562004204465,0.0026605991738585
"1013","Brazil","wetlands",14.5216950943426,0.00258347181895438
"1014","Chile","wetlands",2.5197282455314,0.00236372255678367
"1015","Colombia","wetlands",3.28071266751665,0.0089149800747735
"1016","Costa.Rica","wetlands",1.0420413380601,0.00569421496207706
"1017","Cuba","wetlands",0.0418789231083677,0.0104697307770919
"1018","Ecuador","wetlands",0.511345976404465,0.00187306218463174
"1019","El.Salvador","wetlands",0.0689377925091595,0.00861722406364494
"1020","Guatemala","wetlands",0.101110909170535,0.00674072727803565
"1021","Honduras","wetlands",0.001611461956762,0.000537153985587334
"1022","Jamaica","wetlands",0.000389559797428905,0.000389559797428905
"1023","Mexico","wetlands",16.7116589483522,0.00731683841871811
"1024","Nicaragua","wetlands",0.00427715996578272,0.00427715996578272
"1025","Panama","wetlands",0.364575914423079,0.00328446769750521
"1026","Paraguay","wetlands",0.334349903138305,0.0101318152466153
"1027","Peru","wetlands",1.19828768709374,0.0033754582735035
"1028","Uruguay","wetlands",0.512418221851124,0.0034858382438852
"1029","Venezuela","wetlands",0.396982492043032,0.00277610134295826
"1030","Argentina","climate change impacts",17.0240115483825,0.0100793437231394
"1031","Bahamas","climate change impacts",0.00309267356297323,0.00309267356297323
"1032","Belize","climate change impacts",0.711567027550517,0.00974749352808928
"1033","Bolivia","climate change impacts",3.64007246735875,0.0153589555584757
"1034","Brazil","climate change impacts",54.8454213341589,0.00975723560472494
"1035","Chile","climate change impacts",16.7750789269373,0.0157364717888718
"1036","Colombia","climate change impacts",4.2105057984976,0.0114415918437435
"1037","Costa.Rica","climate change impacts",1.74369815611933,0.0095284052246958
"1038","Cuba","climate change impacts",0.00432871937957229,0.00108217984489307
"1039","Ecuador","climate change impacts",4.26245808384608,0.0156133995745278
"1040","El.Salvador","climate change impacts",0.0374848064279327,0.00468560080349159
"1041","Guatemala","climate change impacts",0.123997103611454,0.00826647357409696
"1042","Honduras","climate change impacts",0.00246265682654362,0.000820885608847872
"1043","Jamaica","climate change impacts",0.00895987534086482,0.00895987534086482
"1044","Mexico","climate change impacts",25.1523202092835,0.0110123993911049
"1045","Nicaragua","climate change impacts",0.000855431993156544,0.000855431993156544
"1046","Panama","climate change impacts",1.05120321299559,0.00947029921617648
"1047","Paraguay","climate change impacts",0.240768499769667,0.00729601514453536
"1048","Peru","climate change impacts",8.02050029872572,0.0225929585879598
"1049","Uruguay","climate change impacts",1.39299567957214,0.00947616108552476
"1050","Venezuela","climate change impacts",0.428165144244196,0.00299416184786151
"1051","Argentina","paleoclimate",22.781618130011,0.0134882286145713
"1052","Bahamas","paleoclimate",0.00074650741175216,0.00074650741175216
"1053","Belize","paleoclimate",2.17425167040299,0.0297842694575752
"1054","Bolivia","paleoclimate",7.15566948011313,0.0301926982283254
"1055","Brazil","paleoclimate",39.5177049790081,0.007030369147662
"1056","Chile","paleoclimate",11.503952036786,0.0107916998468912
"1057","Colombia","paleoclimate",4.41343341015985,0.0119930255710866
"1058","Costa.Rica","paleoclimate",1.15928969365216,0.00633491635875497
"1059","Cuba","paleoclimate",0.024911492154345,0.00622787303858625
"1060","Ecuador","paleoclimate",2.83116527560363,0.0103705687751049
"1061","El.Salvador","paleoclimate",0.0161797627901002,0.00202247034876253
"1062","Guatemala","paleoclimate",0.835259562027019,0.0556839708018013
"1063","Honduras","paleoclimate",0.0608057161629455,0.0202685720543152
"1064","Jamaica","paleoclimate",0.000389559797428905,0.000389559797428905
"1065","Mexico","paleoclimate",15.7334289548665,0.00688854157393454
"1066","Nicaragua","paleoclimate",0.00256629597946963,0.00256629597946963
"1067","Panama","paleoclimate",1.04038918224872,0.00937287551575425
"1068","Paraguay","paleoclimate",0.1102533522455,0.00334101067410605
"1069","Peru","paleoclimate",6.15640885662431,0.0173419967792234
"1070","Uruguay","paleoclimate",1.95689246317449,0.0133121936270373
"1071","Venezuela","paleoclimate",1.32179583567573,0.00924332752220791
"1072","Argentina","precipitation",25.9840681183226,0.0153842913666801
"1073","Bahamas","precipitation",0.0169563826383705,0.0169563826383705
"1074","Belize","precipitation",0.456343262538888,0.00625127756902587
"1075","Bolivia","precipitation",7.26798817957639,0.0306666167914616
"1076","Brazil","precipitation",75.4206920066213,0.0134176644736918
"1077","Chile","precipitation",20.8785626904026,0.0195858937058186
"1078","Colombia","precipitation",5.81447554824077,0.0158002052941325
"1079","Costa.Rica","precipitation",4.39706876356238,0.0240276981615431
"1080","Cuba","precipitation",0.0137964352282696,0.00344910880706741
"1081","Ecuador","precipitation",6.94462107587468,0.0254381724391014
"1082","El.Salvador","precipitation",0.0899235161587194,0.0112404395198399
"1083","Guatemala","precipitation",0.30001867601724,0.020001245067816
"1084","Honduras","precipitation",0.0273087895172597,0.00910292983908657
"1085","Jamaica","precipitation",0.000389559797428905,0.000389559797428905
"1086","Mexico","precipitation",25.123824234453,0.0109999230448568
"1087","Nicaragua","precipitation",0.000855431993156544,0.000855431993156544
"1088","Panama","precipitation",2.73367513840984,0.0246277039496382
"1089","Paraguay","precipitation",0.999354469573269,0.0302834687749476
"1090","Peru","precipitation",8.01320285665953,0.0225724024131254
"1091","Uruguay","precipitation",3.13297834877862,0.0213127778828477
"1092","Venezuela","precipitation",1.83060100275635,0.0128014056136807
