fnames,event,day,week,year,years_10,years_100,years_1000,years_10000,years_100000
0706252486_Toledo-2011-Patterns_and_Determinants_of_Flori.txt,0.17516100406646729,0.0680580735206604,0.11133071780204773,0.4248940050601959,0.28925442695617676,0.09259098768234253,0.01097533106803894,0.015237689018249512,0.014731675386428833
1218534301_Ngodock-2007-Cycling_the_representer_algorithm.txt,0.206415057182312,0.06885242462158203,0.12912002205848694,0.4086846709251404,0.2635064721107483,0.09311726689338684,0.012334346771240234,0.015526831150054932,0.016286522150039673
3191927294_Beharry-Borg-2009-An_Analytical_Framework_for.txt,0.16394838690757751,0.06503257155418396,0.10242107510566711,0.39375150203704834,0.29881876707077026,0.09692370891571045,0.01057213544845581,0.01579907536506653,0.015077710151672363
1515649180_Semmler-2017-Are_mesophotic_coral_ecosystems_d.txt,0.2240276336669922,0.07717287540435791,0.16587644815444946,0.45579826831817627,0.2527816891670227,0.089108407497406,0.014498025178909302,0.01680406928062439,0.018244534730911255
3935915806_Cao-2013-The_planktonic_ciliate_community_and.txt,0.20366007089614868,0.07527276873588562,0.1469115912914276,0.45224636793136597,0.25961172580718994,0.0861579179763794,0.012765765190124512,0.015847116708755493,0.01626703143119812
2494249700_Maziero-2013-Tissue-specific_cell_wall_hydrati.txt,0.26347243785858154,0.08266964554786682,0.187416672706604,0.4777008295059204,0.2371903359889984,0.08923149108886719,0.018092993646860123,0.018368076533079147,0.02142956852912903
0182470240_Haren-2017-Ocean_mixing_in_deep-sea_trenches_.txt,0.24931257963180542,0.07846486568450928,0.16786670684814453,0.4444993734359741,0.2518339157104492,0.09726560115814209,0.0161554217338562,0.017920732498168945,0.019618511199951172
0482600221_Sosa-Rodriguez-2010-Impacts_of_Water-managemen.txt,0.1569359004497528,0.06173735857009888,0.09210777282714844,0.3713698387145996,0.31989356875419617,0.10337406396865845,0.011756092309951782,0.017040520906448364,0.015663176774978638
1928743948_Sylaios-2002-Hydrology_and_nutrient_enrichment.txt,0.1924973428249359,0.07304590940475464,0.1254587173461914,0.43674033880233765,0.2797032296657562,0.0922228991985321,0.01191025972366333,0.015179336071014404,0.015569061040878296
3336479439_Sealey-2014-Recycling_for_small_island_tourism.txt,0.17364773154258728,0.06605565547943115,0.10227087140083313,0.41587865352630615,0.29851818084716797,0.09325340390205383,0.010904878377914429,0.015221744775772095,0.014888614416122437
2585086996_Colas-2008-1997-1998_El_Nio_off_Peru__A_numer.txt,0.2039492428302765,0.06930235028266907,0.12535279989242554,0.403600811958313,0.2765429615974426,0.0988602340221405,0.012448102235794067,0.016158074140548706,0.016165584325790405
0543498654_Snchez-Romn-2010-Water_resources_assessment.txt,0.16115662455558777,0.062127500772476196,0.09601646661758423,0.385353147983551,0.304577112197876,0.0951487272977829,0.010804960504174232,0.01597476564347744,0.014596741646528244
3570023666_Bedmar-2011-Sorption_of_acetochlor_S-metolach.txt,0.2721228003501892,0.08824440836906433,0.19942888617515564,0.4896129369735718,0.2354230284690857,0.09137648344039917,0.019265085458755493,0.019134312868118286,0.022036820650100708
2322101293_Pacheco-2014-Moon_phase_effects_and_timing_of.txt,0.22577181458473206,0.07729938626289368,0.16456550359725952,0.4622204601764679,0.25115808844566345,0.08915618062019348,0.014572501182556152,0.01674368977546692,0.01800498366355896
2164929180_Pezzopane-2017-Panicum_maximum_cv._Tanznia__c.txt,0.16267827153205872,0.06449803709983826,0.09906056523323059,0.39930832386016846,0.306509792804718,0.0979672372341156,0.01071593165397644,0.015689760446548462,0.014865905046463013
0887958848_Costa-2015-Geochemical_mapping_of_arsenic_in_s.txt,0.2684081196784973,0.08718043565750122,0.19434505701065063,0.4853135049343109,0.23580831289291382,0.09247443079948425,0.01839989423751831,0.019290894269943237,0.02172723412513733
3496291404_Herwartz-2017-Triple_oxygen_isotope_systematic.txt,0.27166885137557983,0.08791586756706238,0.19982284307479858,0.4859635829925537,0.23798269033432007,0.09171557426452637,0.01977670192718506,0.018816351890563965,0.022567451000213623
2379732450_Gutierrez-Gomez-2018-Soil_moisture_tension_as.txt,0.1834997832775116,0.07070425152778625,0.12030112743377686,0.43467333912849426,0.27678316831588745,0.09078538417816162,0.01143815740942955,0.014552104286849499,0.01516956090927124
0412810720_Barrella-2003-Fish_community_alterations_due_t.txt,0.1675490438938141,0.06992092728614807,0.1132114827632904,0.43877527117729187,0.29793810844421387,0.09064552187919617,0.011039823293685913,0.01505330204963684,0.014980733394622803
3231353996_Marotta-2015-Catastrophic_shifts_in_the_aquati.txt,0.24852225184440613,0.07884955406188965,0.17604157328605652,0.4691404700279236,0.24553489685058594,0.09118124842643738,0.016359001398086548,0.017214596271514893,0.019621729850769043
0296101647_Taniguchi-2003-Spatial_and_temporal_distributi.txt,0.2001226246356964,0.07270532846450806,0.12863585352897644,0.42392024397850037,0.27369922399520874,0.09416508674621582,0.012584656476974487,0.015391618013381958,0.01627206802368164
1358290889_Candella-2016-Rogue_waves_off_the_south_southe.txt,0.2087940275669098,0.07220491766929626,0.13733139634132385,0.42585691809654236,0.26671645045280457,0.09491574764251709,0.012845367193222046,0.01616537570953369,0.016911983489990234
2924422845_Santos-2017-Productivity_and_production_compon.txt,0.2196744680404663,0.07751873135566711,0.1596502959728241,0.47154533863067627,0.2509348392486572,0.08777129650115967,0.014495134353637695,0.01624235510826111,0.018250703811645508
3086490053_Stehr-2009-Combining_the_Soil_and_Water_Assess.txt,0.17672351002693176,0.06712725758552551,0.10839128494262695,0.3955036997795105,0.2871093451976776,0.09690913558006287,0.011071428656578064,0.01506577804684639,0.015196068212389946
2930726485_Silva-1997-Vibrio_cholerae_non-O1_in_Colombia.txt,0.2562025785446167,0.08732101321220398,0.19883370399475098,0.4968440532684326,0.23459917306900024,0.08850115537643433,0.018454253673553467,0.018873155117034912,0.0219135582447052
2348824924_Yahdjian-2006-Differential_controls_of_water_i.txt,0.23462116718292236,0.07996967434883118,0.16613921523094177,0.47565728425979614,0.24947383999824524,0.0906781554222107,0.01528981328010559,0.016888558864593506,0.01870107650756836
3090369977_Otto-2014-Dominant_clonal_Eucalyptus_grandisu.txt,0.1809842586517334,0.0724685788154602,0.12410396337509155,0.4520469605922699,0.2757822871208191,0.0861780047416687,0.01154237985610962,0.014637619256973267,0.015094846487045288
3961085200_Madari-2017-Properties_of_a_sandy_clay_loam_Ha.txt,0.2161468267440796,0.07494702935218811,0.1522691249847412,0.46205365657806396,0.2533237338066101,0.08739802241325378,0.013791024684906006,0.015724360942840576,0.01740717887878418
3472420050_Branco-2017-Tropical_lotic_primary_producers_.txt,0.2646554410457611,0.08584892749786377,0.19790327548980713,0.48564639687538147,0.23753482103347778,0.09011071920394897,0.018787384033203125,0.01858699321746826,0.02182561159133911
0849392637_Mendoza-1997-Vulnerability_of_basins_and_water.txt,0.17962852120399475,0.06570574641227722,0.10404202342033386,0.38856518268585205,0.2955303192138672,0.10153796523809433,0.01103794015944004,0.015651552006602287,0.015184755437076092
3339785588_Balvanera-2011-Distribution_patterns_of_tropic.txt,0.17389389872550964,0.06830328702926636,0.11328598856925964,0.43187829852104187,0.28505444526672363,0.08905389904975891,0.01074761152267456,0.014940768480300903,0.014239460229873657
2123254962_Cruz-Garcia-2015-An_examination_of_coastal_con.txt,0.18364641070365906,0.06470069289207458,0.10704877972602844,0.4025053083896637,0.2923712730407715,0.09482938051223755,0.011042475700378418,0.015642762184143066,0.014686554670333862
1283007018_Rolon-2012-Do_effects_of_landscape_factors_on.txt,0.2269890308380127,0.0776543915271759,0.1623808741569519,0.46429991722106934,0.2519698143005371,0.08894515037536621,0.014465868473052979,0.0165024995803833,0.01804688572883606
3594993654_Menino-2012-ENVIRONMENTAL_HETEROGENEITY_AND_NA.txt,0.19071611762046814,0.07079383730888367,0.12601140141487122,0.43755075335502625,0.2702689468860626,0.08723467588424683,0.011532515287399292,0.015217185020446777,0.014830023050308228
2410104966_Germer-2007-Seasonal_and_within-event_dynamics.txt,0.22049415111541748,0.07705038785934448,0.1473163664340973,0.4619740843772888,0.2631010413169861,0.09409543871879578,0.013967186212539673,0.01642429828643799,0.01723581552505493
1147819832_Bolaos-Bentez-2018-Assessing_chromium_mobili.txt,0.28020480275154114,0.08939939737319946,0.20551669597625732,0.485213965177536,0.2345248907804489,0.09158020466566086,0.020393358543515205,0.019623737782239914,0.023330003023147583
1515794671_Junqueira-2017-Time-stability_of_soil_water_co.txt,0.1724814772605896,0.0682668685913086,0.11150774359703064,0.41658008098602295,0.28586235642433167,0.09260252118110657,0.010804861783981323,0.014903396368026733,0.014681339263916016
0403215646_Barbosa-2017-Water_footprint_of_sugarcane_irri.txt,0.1913844347000122,0.07235947251319885,0.12696623802185059,0.4436739385128021,0.2722513973712921,0.08855599164962769,0.011937260627746582,0.0148201584815979,0.015478312969207764
1924553969_Lovino-2018-Interannual-to-multidecadal_hydroc.txt,0.17466133832931519,0.06613191962242126,0.10556694865226746,0.41054707765579224,0.30234241485595703,0.09789970517158508,0.01107373833656311,0.015695661306381226,0.014953970909118652
0401074838_Cristiano-2015-Evapotranspiration_of_subtropic.txt,0.16461452841758728,0.06841394305229187,0.10908764600753784,0.42665088176727295,0.29359132051467896,0.09200194478034973,0.010745793581008911,0.014541685581207275,0.014670997858047485
0166025367_Smith-2014-Oceanographic_conditions_in_the_Gul.txt,0.22955450415611267,0.074765145778656,0.15441620349884033,0.4350276589393616,0.2588420510292053,0.09581327438354492,0.014467477798461914,0.01674574613571167,0.01798945665359497
3752767292_Ruiz-2013-First_report_of_microcystins_and_ana.txt,0.27004310488700867,0.09112411737442017,0.2136027216911316,0.49580463767051697,0.23535661399364471,0.08947103470563889,0.020317820832133293,0.019019441679120064,0.02303314208984375
2322824555_Lima-2017-Hydrological_controls_of_fisheries_p.txt,0.17366701364517212,0.06584179401397705,0.10629034042358398,0.39751192927360535,0.29919344186782837,0.09714186191558838,0.010839194059371948,0.015177041292190552,0.01486438512802124
1956982066_Dsman-2014-Allium_cepa_L._as_a_bioindicator_t.txt,0.20942673087120056,0.07565751671791077,0.1514643430709839,0.46140360832214355,0.25555330514907837,0.08678364753723145,0.013377755880355835,0.015657514333724976,0.017165720462799072
2879431636_Cerqueira-2014-Chemical_characteristics_of_rai.txt,0.2941364645957947,0.09558665752410889,0.22379475831985474,0.49011310935020447,0.2302863895893097,0.09338554739952087,0.02250775694847107,0.020500600337982178,0.024470657110214233
1406963173_Pontes-2016-HYDROLOGICAL_MODELING_OF_TRIBUTARI.txt,0.16799047589302063,0.06686621904373169,0.10465642809867859,0.38973987102508545,0.2965341806411743,0.0974767804145813,0.010900825262069702,0.015282303094863892,0.015122771263122559
1679149320_Vavilin-2017-Modelling_methane_formation_in_se.txt,0.28536152839660645,0.09264877438545227,0.22579091787338257,0.47588393092155457,0.2354031205177307,0.09236723184585571,0.02236121892929077,0.019384115934371948,0.024545252323150635
1181676206_Nobre-2007-Groundwater_vulnerability_and_risk.txt,0.18317675590515137,0.06644636392593384,0.10843846201896667,0.40069296956062317,0.2859310805797577,0.09513381123542786,0.01093186717480421,0.015258347615599632,0.014837893657386303
0952125621_Beskow-2013-Hydrological_Prediction_in_a_Tropi.txt,0.16913411021232605,0.06640487909317017,0.10218757390975952,0.3928263485431671,0.3027411997318268,0.0990193784236908,0.010895729064941406,0.015269458293914795,0.015022248029708862
3301371269_Murtinho-2013-Does_external_funding_help_adapt.txt,0.1645854413509369,0.06070607900619507,0.0932898223400116,0.37620997428894043,0.30794331431388855,0.10095331072807312,0.010768264532089233,0.01660260558128357,0.014942169189453125
0915820812_Vlez-2006-Late_Glacial_and_Holocene_environme.txt,0.21693092584609985,0.0729946494102478,0.1395139992237091,0.4230230152606964,0.26849353313446045,0.09699192643165588,0.013493150472640991,0.017067760229110718,0.017246395349502563
1722893719_Vazquez-1996-Trace_metal_species_in_aquatic_sa.txt,0.2841942310333252,0.08752864599227905,0.19611534476280212,0.4816650450229645,0.23068630695343018,0.09286180138587952,0.019095510244369507,0.020189762115478516,0.02210065722465515
0374383437_Gngora-Echever-2017-Agricultural_effluent_tre.txt,0.25647878646850586,0.08396753668785095,0.1867348551750183,0.4862392544746399,0.2374841570854187,0.08927839994430542,0.01748940348625183,0.01814979314804077,0.020674854516983032
4086850037_Pandolfi-2008-Morphology_and_ecological_zonati.txt,0.2012585997581482,0.07522019743919373,0.14442571997642517,0.45487484335899353,0.2627513110637665,0.08603370934724808,0.012615074403584003,0.01596095599234104,0.016097111627459526
2618247783_Travaini-Lima-2016-Seasonal_Differences_in_Pla.txt,0.20882034301757812,0.07621875405311584,0.15035730600357056,0.46495068073272705,0.2596892714500427,0.0876818597316742,0.01344597339630127,0.015559196472167969,0.01685875654220581
1951692233_Heinz-2011-Evaluating_the_costs_and_benefits_o.txt,0.16043317317962646,0.06068256497383118,0.09346100687980652,0.3646121919155121,0.31435543298721313,0.10236033797264099,0.011717408895492554,0.017643898725509644,0.015328466892242432
1274356611_Muresan-2008-Monomethylmercury_sources_in_a_tr.txt,0.28495076298713684,0.09530377388000488,0.22424769401550293,0.4895080029964447,0.23565509915351868,0.0925493836402893,0.022410959005355835,0.019833773374557495,0.024785995483398438
2030843155_Uribe-2014-Assessment_of_current_and_potential.txt,0.18242678046226501,0.06941986083984375,0.11399596929550171,0.41633141040802,0.28477761149406433,0.09457355737686157,0.011205345392227173,0.015020161867141724,0.015046656131744385
1536015021_Cantanhde-2009-Variation_in_prey_selection_of.txt,0.18489959836006165,0.07393783330917358,0.1333485245704651,0.4721786081790924,0.2739591598510742,0.08258742094039917,0.01179555058479309,0.0162278413772583,0.015360116958618164
0920358749_Robinson-2016-Evolution_of_the_20142015_sea_s.txt,0.1883828043937683,0.0673532485961914,0.11167269945144653,0.4088430106639862,0.29417967796325684,0.09904550760984421,0.011642745696008205,0.016239915043115616,0.015434258617460728
2954511949_Molina-Carpio-2017-Hydroclimatology_of_the_Upp.txt,0.1806757152080536,0.06752288341522217,0.10922908782958984,0.4136320948600769,0.30040234327316284,0.09827861189842224,0.011489808559417725,0.01575353741645813,0.015474319458007812
0663735158_Fierro-2017-Effects_of_local_land-use_on_ripar.txt,0.18595600128173828,0.07020160555839539,0.12642300128936768,0.43589475750923157,0.2757318615913391,0.08838170766830444,0.011562317609786987,0.014743208885192871,0.015312641859054565
0534542916_Andr-2014-Spatial_Determinants_of_Urban_Resid.txt,0.165531724691391,0.06480574607849121,0.09912806749343872,0.39072683453559875,0.2979390025138855,0.09759876132011414,0.010693758726119995,0.01543128490447998,0.01489439606666565
1273555590_Ribas-2014-An_Assessment_of_Conflicting_Intent.txt,0.15710625052452087,0.0623306930065155,0.09653690457344055,0.37687182426452637,0.3061758279800415,0.09763240814208984,0.010760724544525146,0.015932559967041016,0.015027076005935669
2853015708_Langenbach-2001-Fate_of_the_herbicide_14C-terb.txt,0.24379000067710876,0.07938018441200256,0.16876345872879028,0.47212836146354675,0.24463865160942078,0.09092926979064941,0.01582014560699463,0.017158955335617065,0.01931518316268921
0126501895_Calvi-2018-Relationship_between_electrical_con.txt,0.21988826990127563,0.07621166110038757,0.1464691162109375,0.45178839564323425,0.2602418065071106,0.0917515978217125,0.013828919269144535,0.016301775351166725,0.017269227653741837
0892253313_Bergamino-2012-Terrestrial_trophic_subsidy_in.txt,0.2535097599029541,0.08554452657699585,0.19206303358078003,0.48855721950531006,0.23911064863204956,0.08907416462898254,0.01766398549079895,0.018119603395462036,0.021096795797348022
0333270239_Colombo-1989-Determination_of_Hydrocarbon_Sour.txt,0.29059597849845886,0.09338510036468506,0.22660470008850098,0.4811970889568329,0.23051321506500244,0.09188851714134216,0.022427111864089966,0.020005375146865845,0.02451235055923462
3434797417_Silveira-2009-Runoff_modifications_due_to_the.txt,0.1616002321243286,0.06253182888031006,0.09427976608276367,0.3976842761039734,0.3163668215274811,0.09829193353652954,0.010954499244689941,0.01598578691482544,0.014519214630126953
1567292234_Schellekens-1999-Modelling_rainfall_intercepti.txt,0.17186975479125977,0.06776115298271179,0.1053595244884491,0.41798102855682373,0.2975471019744873,0.0959332287311554,0.010887891054153442,0.01508098840713501,0.014899760484695435
2624258058_Rosemond-2002-Landscape_variation_in_phosphoru.txt,0.2576954960823059,0.0853148102760315,0.1963522732257843,0.49307990074157715,0.23835062980651855,0.08869853615760803,0.018469005823135376,0.018201053142547607,0.021559983491897583
2372619835_Silva-2011-Soil_physical_quality_of_Luvisols_u.txt,0.22477290034294128,0.0774511992931366,0.1569642722606659,0.46193018555641174,0.2533893585205078,0.09015385806560516,0.014620443806052208,0.016150902956724167,0.018105264753103256
4047096366_Guevara-2005-Silver_contamination_on_abiotic_a.txt,0.26516038179397583,0.08872315287590027,0.20281878113746643,0.49750545620918274,0.23845431208610535,0.0912310779094696,0.019243478775024414,0.01937916874885559,0.02242070436477661
0570276954_Hatje-1998-Estimation_of_the_natural_and_anthr.txt,0.2595636248588562,0.08244973421096802,0.17951247096061707,0.46294254064559937,0.245832622051239,0.09607258439064026,0.016956806182861328,0.01836201548576355,0.020375072956085205
2712979606_Snchez-Murillo-2017-Isotopic_composition_in_p.txt,0.21100181341171265,0.07219094038009644,0.13532930612564087,0.4287257492542267,0.26793795824050903,0.09536254405975342,0.012840241193771362,0.015863090753555298,0.016477525234222412
0763049944_Oliveira-2010-Speciation_of_butyltin_derivativ.txt,0.28444385528564453,0.09214696288108826,0.21457314491271973,0.49087780714035034,0.23274189233779907,0.09034416079521179,0.021340608596801758,0.019528508186340332,0.023761749267578125
2863409944_Linares-2017-Invasive_bivalves_increase_benthi.txt,0.2384571135044098,0.08318760991096497,0.18070954084396362,0.4826723039150238,0.24425652623176575,0.08804592490196228,0.016018033027648926,0.017539620399475098,0.019660741090774536
1135619536_Fantin-2017-Proposal_of_a_methodology_for_pre-.txt,0.16313061118125916,0.06329646706581116,0.09612220525741577,0.3893844783306122,0.30928489565849304,0.09578485786914825,0.010832945816218853,0.015589289367198944,0.014522709883749485
2870429963_Mendoza-2006-Assessment_of_groundwater_vulnera.txt,0.17979243397712708,0.06397110223770142,0.09972190856933594,0.40079033374786377,0.3024437427520752,0.09704580903053284,0.011097908020019531,0.016213595867156982,0.014691799879074097
2031422224_Pike-2010-Riparian_indicators_of_flow_frequenc.txt,0.18844637274742126,0.07114759087562561,0.11970165371894836,0.4254748821258545,0.28965476155281067,0.09597945213317871,0.011861264705657959,0.015376746654510498,0.015797019004821777
4094102768_Brooks-2015-First_description_of_deep-water_el.txt,0.22181585431098938,0.07842066884040833,0.1632121205329895,0.46546313166618347,0.25218844413757324,0.08762234449386597,0.014418333768844604,0.016838818788528442,0.017697423696517944
0597270120_Coln-Gaud-2008-Allochthonous_litter_inputs_o.txt,0.2519645690917969,0.08705741167068481,0.1910746693611145,0.49595415592193604,0.24319753050804138,0.09084939956665039,0.01780971884727478,0.018475472927093506,0.02122482657432556
2699701986_Marouelli-2007-Water_tension_thresholds_for_pr.txt,0.18312999606132507,0.06926989555358887,0.12412044405937195,0.44300374388694763,0.2692905068397522,0.08534052968025208,0.011391371488571167,0.014606058597564697,0.014962553977966309
0545741266_Irigoyen-Camach-2016-Nutritional_status_and_de.txt,0.2421758770942688,0.0810430645942688,0.17017021775245667,0.48159298300743103,0.2451196163892746,0.09139416366815567,0.015579390339553356,0.017703043296933174,0.019274845719337463
3579714389_Peluso-2016-Uncertainties_in_age-_and_gender-b.txt,0.18616533279418945,0.07127895951271057,0.12319105863571167,0.4433211088180542,0.27158379554748535,0.08981579542160034,0.011238813400268555,0.01547214388847351,0.015283048152923584
1848590302_Franco-De-Sa-2014-Copper_toxicity_for_Scinax_r.txt,0.2514616847038269,0.08557698130607605,0.19048842787742615,0.49022212624549866,0.2395991086959839,0.08841165900230408,0.017489194869995117,0.018124043941497803,0.02114167809486389
2467020426_Silva-2008-Distribution_of_Lipid_Compounds_in.txt,0.2849932909011841,0.091409832239151,0.2146059274673462,0.4886319041252136,0.23253753781318665,0.0914202332496643,0.021020561456680298,0.019959688186645508,0.023591458797454834
1850623033_Rasuk-2014-Microbial_Characterization_of_Micro.txt,0.27747419476509094,0.08947873115539551,0.21082156896591187,0.4865018427371979,0.23540440201759338,0.09111014008522034,0.0202980637550354,0.01918897032737732,0.02320253849029541
0401890150_Forti-1995-MODELING_PERSPECTIVE_OF_THE_DEFORES.txt,0.22209692001342773,0.0747787356376648,0.15119668841362,0.450819730758667,0.2560877799987793,0.0908791720867157,0.013895809650421143,0.015933334827423096,0.017353922128677368
0252141715_Godoy-1999-Tolerance_to_trichlorophenols_in_mi.txt,0.26613348722457886,0.08764484524726868,0.20031309127807617,0.4974982738494873,0.232758030295372,0.08869016915559769,0.0187695175409317,0.019254963845014572,0.02181251160800457
2936984670_Valenzuela-2009-FECAL_CONTAMINATION_OF_GROUNDW.txt,0.2359921634197235,0.0822431743144989,0.17241358757019043,0.4780939817428589,0.24561473727226257,0.09078049659729004,0.015627413988113403,0.017332613468170166,0.01899203658103943
3124827036_Greaver-2010-Decreased_precipitation_exacerbat.txt,0.1949036717414856,0.07120004296302795,0.12245509028434753,0.42918264865875244,0.2819822430610657,0.09477818012237549,0.011826515197753906,0.015279293060302734,0.015456587076187134
3558123611_Montory-2006-Preliminary_data_on_polybrominate.txt,0.2499782145023346,0.08327147364616394,0.18654116988182068,0.48723742365837097,0.24004411697387695,0.08868709206581116,0.017261087894439697,0.01777532696723938,0.02070474624633789
2194106159_Wetherbee-2007-Movement_patterns_of_juvenile_l.txt,0.18290451169013977,0.07249665260314941,0.12801873683929443,0.45545876026153564,0.27870291471481323,0.08731022477149963,0.01165112853050232,0.01594117283821106,0.01527455449104309
3498088701_Dambros-2017-Isolation_by_distance_not_rivers.txt,0.19877547025680542,0.0745442807674408,0.14145779609680176,0.44263336062431335,0.26601284742355347,0.08782309293746948,0.012537658214569092,0.015579015016555786,0.016310304403305054
3930117099_Roland-2010-Variability_of_carbon_dioxide_flux.txt,0.22357526421546936,0.0748593807220459,0.14559084177017212,0.43657386302948,0.2612401247024536,0.09477508813142776,0.013726508244872093,0.016057675704360008,0.017296139150857925
2345629463_Briedis-2012-Changes_in_organic_matter_pools_a.txt,0.2685912847518921,0.0897567868232727,0.20516973733901978,0.48902198672294617,0.2357889711856842,0.08892783522605896,0.019947320222854614,0.018606632947921753,0.022952139377593994
1299576785_Nandini-2008-Seasonal_changes_in_the_zooplankt.txt,0.23665782809257507,0.08467820286750793,0.1806665062904358,0.4881924092769623,0.24673089385032654,0.08879205584526062,0.01619836688041687,0.01767393946647644,0.01970231533050537
2284322903_Ragettli-2012-Calibration_of_a_physically_base.txt,0.18811184167861938,0.06863623857498169,0.11576741933822632,0.4012908339500427,0.2801061272621155,0.09648391604423523,0.011611998081207275,0.015161186456680298,0.015585213899612427
0311227399_Ragettli-2014-An_evaluation_of_approaches_for.txt,0.19104653596878052,0.06820929050445557,0.11523401737213135,0.3912971317768097,0.28183865547180176,0.09817203879356384,0.011603444814682007,0.01529267430305481,0.015461891889572144
1365732065_Haverkort-2014-Yield_Gaps_and_Ecological_Footp.txt,0.1635303497314453,0.06511163711547852,0.1009063720703125,0.4100677967071533,0.29579460620880127,0.09299492835998535,0.01056089997291565,0.014893949031829834,0.014517158269882202
0362241602_Smith-2012-Holocenic_proxies_of_sedimentary_or.txt,0.21770495176315308,0.07465201616287231,0.1500757932662964,0.4465005695819855,0.2588055431842804,0.09067586809396744,0.013820591382682323,0.01633007638156414,0.017047490924596786
0253328938_Alcntara-2016-Estimating_the_CDOM_absorption.txt,0.2478373646736145,0.07849109172821045,0.1717650294303894,0.45678824186325073,0.2418343424797058,0.08979451656341553,0.016317546367645264,0.017304927110671997,0.01958063244819641
1874640944_Fernandez-Moya-2014-Soil_erosion_under_teak_T.txt,0.16779279708862305,0.0660521388053894,0.10242331027984619,0.420238733291626,0.29864272475242615,0.09350574016571045,0.010777384042739868,0.015116244554519653,0.014600098133087158
0432202362_Pina-2017-Reduction_of_process_steam_demand_an.txt,0.17257484793663025,0.06632760167121887,0.10834339261054993,0.4007689654827118,0.2854211926460266,0.09215471148490906,0.010814160108566284,0.014866888523101807,0.014753907918930054
3522590058_Guecker-2009-Impacts_of_agricultural_land_use.txt,0.23193389177322388,0.07924351096153259,0.1676233410835266,0.4692186713218689,0.2527865171432495,0.09145432710647583,0.015278875827789307,0.016683131456375122,0.01883414387702942
0708170015_Etchebarne-2016-Effects_of_livestock_exclusion.txt,0.17138373851776123,0.06707575917243958,0.10855913162231445,0.43167898058891296,0.28990668058395386,0.08907285332679749,0.010743856430053711,0.014956802129745483,0.01431506872177124
3365707555_Clausen-2006-Classification_of_wetlands_in_a_p.txt,0.1899583339691162,0.06952184438705444,0.11866992712020874,0.4285581707954407,0.28052082657814026,0.09212812036275864,0.011590946465730667,0.015392490662634373,0.015116033144295216
3471520325_Herrera-2009-ASSESMENT_OF_TRACE_ELEMENTS_AND_M.txt,0.28335827589035034,0.09258419275283813,0.21517586708068848,0.4920501112937927,0.23157614469528198,0.09001278877258301,0.02128264307975769,0.0199812650680542,0.02397078275680542
1746932204_Libanio-2009-Assessing_the_feasibility_of_a_wa.txt,0.1697389781475067,0.06845277547836304,0.10794636607170105,0.39747846126556396,0.28934141993522644,0.09400901198387146,0.011018067598342896,0.014810293912887573,0.015157163143157959
0304208230_Costa-2014-Changes_in_soil_pore_network_in_res.txt,0.19719502329826355,0.071865975856781,0.1287645399570465,0.4374861717224121,0.2672414183616638,0.08958160877227783,0.012069791555404663,0.015180200338363647,0.0156438946723938
2177568300_Portinho-2017-Does_artificial_drawdown_affect.txt,0.20789951086044312,0.0731976330280304,0.14776846766471863,0.4521912932395935,0.25846612453460693,0.08626654744148254,0.013136088848114014,0.015406399965286255,0.01666519045829773
4047920510_Vitule-2013-Feeding_ecology_of_fish_in_a_coast.txt,0.22448456287384033,0.07872220873832703,0.16799002885818481,0.47274887561798096,0.24978742003440857,0.08685603737831116,0.014712870121002197,0.016644328832626343,0.018162250518798828
0131907813_Novkov-2007-A_hydrogeological_study_of_the_n.txt,0.1846776306629181,0.065682053565979,0.10495510697364807,0.39656519889831543,0.2920195460319519,0.096445232629776,0.011193616315722466,0.015760459005832672,0.014842821285128593
3236026323_Segura-2013-Use_of_a_morphology-based_function.txt,0.2331784963607788,0.07451725006103516,0.1614709496498108,0.448846697807312,0.2502341568470001,0.08957892656326294,0.014682412147521973,0.016367316246032715,0.017984241247177124
0573859420_Schulz-2006-Activity_patterns_of_South_America.txt,0.18006965517997742,0.07046619057655334,0.11846348643302917,0.4537052512168884,0.2865370810031891,0.08661171793937683,0.011213421821594238,0.01589474081993103,0.014662206172943115
1171131109_Fasanella-2012-The_Selection_Exerted_by_Oil_Co.txt,0.23288726806640625,0.08004733920097351,0.17230165004730225,0.4761100113391876,0.244753897190094,0.08743107318878174,0.015330642461776733,0.016863882541656494,0.01894441246986389
1064805581_Martinez-2018-Geomorphological_control_on_podz.txt,0.2593608498573303,0.08262276649475098,0.18319714069366455,0.45781654119491577,0.24711808562278748,0.0963115394115448,0.01767212152481079,0.018690288066864014,0.021113097667694092
0741579149_Soares-2013-Occurrence_of_pesticides_from_coff.txt,0.21766602993011475,0.07776033878326416,0.14893803000450134,0.4664243459701538,0.2552639842033386,0.08754676580429077,0.013544857501983643,0.016461431980133057,0.016776442527770996
0554487217_Zuniga-2013-Farmers_perceptions_of_earthworms.txt,0.17322400212287903,0.06830984354019165,0.11364930868148804,0.43873587250709534,0.2821742594242096,0.08630311489105225,0.010817086324095726,0.01513858325779438,0.014456355012953281
1483099647_Irion-2009-The_impact_of_Quaternary_sea_level.txt,0.1921517252922058,0.06966632604598999,0.11894503235816956,0.41096439957618713,0.2892181873321533,0.0969560444355011,0.012066185474395752,0.01605856418609619,0.015820741653442383
4127863780_Queirolo-2000-Total_arsenic_lead_cadmium_co.txt,0.25825774669647217,0.08251386880874634,0.18177029490470886,0.47822824120521545,0.2393512725830078,0.09110301733016968,0.017162173986434937,0.018409788608551025,0.020577460527420044
2800567279_Feijoo-1999-Temporal_and_spatial_variability_i.txt,0.23018312454223633,0.07922723889350891,0.1653721034526825,0.4715995192527771,0.2517484426498413,0.09073519706726074,0.014978498220443726,0.01672905683517456,0.018701225519180298
0692909164_Katsuragawa-2014-Patterns_in_larval_fish_assem.txt,0.23155203461647034,0.08060216903686523,0.1739731729030609,0.4746862053871155,0.2494325041770935,0.08870172500610352,0.015479058027267456,0.01728782057762146,0.0188693106174469
3621544805_Lacerda-1993-Mercury_in_sediments_from_the_Par.txt,0.23955002427101135,0.1291007697582245,0.2611968517303467,0.3902546763420105,0.33574560284614563,0.13604038953781128,0.02545437216758728,0.035196900367736816,0.026562869548797607
1978566077_Snchez-Meza-2007-Toxicity_assessment_of_a_com.txt,0.270327627658844,0.08991193771362305,0.20570790767669678,0.4944547116756439,0.23419122397899628,0.08885588496923447,0.01991799660027027,0.018996186554431915,0.022696418687701225
3816445379_Alongi-2008-Mangrove_forests__Resilience_prot.txt,0.17859694361686707,0.06738865375518799,0.11437350511550903,0.4143996238708496,0.2880708575248718,0.09309926629066467,0.011190801858901978,0.014817118644714355,0.014995217323303223
4040390920_Lombardi-2006-Cage_polyculture_of_the_Pacific.txt,0.19813886284828186,0.0758049488067627,0.14370372891426086,0.4673584997653961,0.2607645094394684,0.08328711986541748,0.012616753578186035,0.015597254037857056,0.01627179980278015
3329728152_Prado-2016-Water_distribution_from_medium-size.txt,0.19030261039733887,0.06952986121177673,0.11938807368278503,0.4147593379020691,0.27246034145355225,0.09046867489814758,0.011752128601074219,0.015102028846740723,0.015590071678161621
3653002533_Soares-2014-Fish_assemblage_associated_with_aq.txt,0.1678238809108734,0.06628626585006714,0.10609608888626099,0.4197123050689697,0.299961656332016,0.09177672863006592,0.010776907205581665,0.015397220849990845,0.014622300863265991
4114991125_Aeschbach-Herti-2000-Palaeotemperature_reconst.txt,0.26489949226379395,0.07887408137321472,0.17943620681762695,0.45147931575775146,0.24086740612983704,0.09283655881881714,0.017683804035186768,0.017929822206497192,0.02055835723876953
2565289936_Strauch-2013-The_impact_of_Best_Management_Pra.txt,0.16531553864479065,0.06447657942771912,0.09778666496276855,0.4025844931602478,0.31062889099121094,0.0975278913974762,0.010848233476281166,0.015465490520000458,0.014660113491117954
1300047688_Medeiros-1990-A_Geoelectrical_Investigation_fo.txt,0.2126082181930542,0.0718199610710144,0.13167893886566162,0.3992997109889984,0.26508569717407227,0.0960521399974823,0.012837469577789307,0.016174882650375366,0.01651856303215027
1774685102_Blettler-2015-The_impact_of_significant_input.txt,0.20644116401672363,0.07344666123390198,0.13831138610839844,0.4333796799182892,0.26923036575317383,0.09247317910194397,0.012826085090637207,0.015781916677951813,0.01647055335342884
